Workbook

Sheet README & Method
A1: Master Thesis — Threat-Modeling Results
A2: Controlled comparison of two LLMs (two runs each), ThreMoLIA, OWASP Threat Dragon, and Microsoft TMT across three scenarios.
A4: Workbook purpose and operating rules
A5: Purpose | B5: Maintain one auditable master record for raw tool output and separate thesis analysis.
A6: Unit of entry | B6: One row per threat from an LLM run or a tool. Preserve the original title, category, severity and evidence reference.
A7: Comparison rule | B7: Use semantically equivalent architectures and the same threat-model prompt for LLM R1/R2. Record each approach independently.
A8: Analysis rule | B8: Enter raw results only in Scenario 1–3 Raw. All summary sheets are formula-driven and should not be overwritten.
A10: Suggested workflow
A11: 1 | B11: Complete Experiment Metadata: version, model/template, export date, and architecture equivalence notes.
A12: 2 | B12: For each scenario, paste or transcribe every threat from ChatGPT R1/R2, Llama R1/R2, ThreMoLIA, Threat Dragon and TMT into its Raw Results sheet.
A13: 3 | B13: Use the controlled fields: STRIDE, LLM relevance/theme, inclusion decision, cross-approach mapping and DFD element.
A14: 4 | B14: Review All-Approach Comparison and STRIDE Summary after every approach has been recorded for a scenario.
A15: 5 | B15: Use LLM Coverage and Architecture Coverage to support the qualitative comparison.
A16: 6 | B16: Write thesis narrative observations in Cross-Scenario Analysis; formula cells remain traceable to raw records.
A18: Definitions used in this workbook
A19: Raw finding | B19: Unmodified tool-generated threat; retain it even if later excluded from final reporting.
A20: Included | B20: A reviewed finding retained for the formal comparison. This is an analysis decision, not a deletion rule.
A21: Cross-approach mapping | B21: A shared analyst-defined ID used whenever any two approaches describe the same substantive issue.
A22: LLM theme | B22: Use only where a threat directly concerns LLM behavior, data, integration, knowledge base, or LLM access context.
A23: Architecture coverage | B23: Counts included findings mapped to the same named DFD component. Use exact names consistently.

Sheet Experiment Metadata
A1: Experiment Metadata
A2: Complete once per approach/run. The four LLM runs should record the same prompt, architecture and session-control conditions.
A4: Scenario / approach run register
A5: Scenario | B5: Approach | C5: Approach family | D5: Run / session condition | E5: Model / tool version | F5: Prompt / template ID | G5: Modelled architecture version | H5: Date generated | I5: Export / evidence location / method notes
A6: Scenario 1 | B6: ChatGPT R1 | C6: LLM — ChatGPT | D6: Independent run 1
A7: Scenario 1 | B7: ChatGPT R2 | C7: LLM — ChatGPT | D7: Independent run 2
A8: Scenario 1 | B8: Llama R1 | C8: LLM — Llama | D8: Independent run 1
A9: Scenario 1 | B9: Llama R2 | C9: LLM — Llama | D9: Independent run 2
A10: Scenario 1 | B10: ThreMoLIA | C10: LLM-assisted threat-modeling tool | D10: Single tool output
A11: Scenario 1 | B11: OWASP Threat Dragon | C11: Threat-modeling tool | D11: Single tool output
A12: Scenario 1 | B12: Microsoft TMT | C12: Threat-modeling tool | D12: Single tool output
A13: Scenario 2 | B13: ChatGPT R1 | C13: LLM — ChatGPT | D13: Independent run 1
A14: Scenario 2 | B14: ChatGPT R2 | C14: LLM — ChatGPT | D14: Independent run 2
A15: Scenario 2 | B15: Llama R1 | C15: LLM — Llama | D15: Independent run 1
A16: Scenario 2 | B16: Llama R2 | C16: LLM — Llama | D16: Independent run 2
A17: Scenario 2 | B17: ThreMoLIA | C17: LLM-assisted threat-modeling tool | D17: Single tool output
... A26: Scenario 3 | B26: Microsoft TMT | C26: Threat-modeling tool | D26: Single tool output
A29: Scenario architecture register
A30: Scenario | B30: Scenario name / purpose | C30: External entities | D30: Processes | E30: Data stores | F30: Trust boundaries | G30: LLM / external AI dependency | H30: Architecture consistency note | I30: LLM prompt consistency note
A31: Scenario 1 | B31: Authentication Assistant | C31: End User / Browser; External LLM Provider | D31: Web Frontend; Authentication Service; Session Management; AI Chatbot; LLM Integration | E31: User Database; Session Storage; Knowledge Base | F31: Application boundary; external LLM provider boundary | G31: External LLM Provider | H31: Use semantically equivalent DFDs in both tools. | I31: Use same baseline prompt for ChatGPT R1/R2 and Llama R1/R2.
A32: Scenario 2
A33: Scenario 3

Sheet Lists & Codebook
A1: Lists & Coding Codebook
A2: Validation lists and controlled definitions. Edit list values here before entering results if your thesis protocol uses different terms.
A4: Approaches | E4: Coding notes
A5: ChatGPT R1 | E5: Field | F5: Use | G5: Analysis effect | H5: Example
A6: ChatGPT R2 | E6: STRIDE category | F6: Map to one primary STRIDE class for comparative summaries. | G6: Feeds STRIDE Summary. | H6: Information Disclosure
A7: Llama R1 | E7: Final inclusion | F7: Yes if retained in formal results after review. | G7: Filters approach and coverage metrics. | H7: Yes
A8: Llama R2 | E8: Cross-approach mapping ID | F8: Same ID where two or more approaches identify the same substantive threat. | G8: Counts mapped records in comparison tables. | H8: S1-MAP-03
A9: ThreMoLIA | E9: DFD element | F9: Use exact architecture component name. | G9: Feeds Architecture Coverage. | H9: LLM Integration Service
A10: OWASP Threat Dragon | E10: LLM theme | F10: Select only for LLM-relevant finding. | G10: Feeds LLM Coverage. | H10: Prompt injection
A11: Microsoft TMT | E11: Raw evidence reference | F11: Export page, threat ID, or saved screenshot location. | G11: Preserves audit trail. | H11: TMT report p. 4
A13: STRIDE
A14: Spoofing
A15: Tampering
A16: Repudiation
A17: Information Disclosure
A18: Denial of Service
A19: Elevation of Privilege
A21: Component types
A22: External Entity
A23: Process
A24: Data Store
A25: Data Flow
... A55: LLM authorization / context isolation

Sheet Scenario 1 Raw
A1: Scenario 1 — Raw Tool Results
A2: Enter one row per generated threat. Keep the original output intact; use review fields only after the raw result is preserved.
A4: Input area: record ChatGPT R1/R2, Llama R1/R2, ThreMoLIA, OWASP Threat Dragon and Microsoft TMT in the same scenario register. Formulas read rows 6–155. | B4: Input area: record ChatGPT R1/R2, Llama R1/R2, ThreMoLIA, OWASP Threat Dragon and Microsoft TMT in the same scenario register. Formulas read rows 6–155. | C4: Input area: record ChatGPT R1/R2, Llama R1/R2, ThreMoLIA, OWASP Threat Dragon and Microsoft TMT in the same scenario register. Formulas read rows 6–155. | D4: Input area: record ChatGPT R1/R2, Llama R1/R2, ThreMoLIA, OWASP Threat Dragon and Microsoft TMT in the same scenario register. Formulas read rows 6–155. | E4: Input area: record ChatGPT R1/R2, Llama R1/R2, ThreMoLIA, OWASP Threat Dragon and Microsoft TMT in the same scenario register. Formulas read rows 6–155. | F4: Input area: record ChatGPT R1/R2, Llama R1/R2, ThreMoLIA, OWASP Threat Dragon and Microsoft TMT in the same scenario register. Formulas read rows 6–155. | G4: Input area: record ChatGPT R1/R2, Llama R1/R2, ThreMoLIA, OWASP Threat Dragon and Microsoft TMT in the same scenario register. Formulas read rows 6–155. | H4: Input area: record ChatGPT R1/R2, Llama R1/R2, ThreMoLIA, OWASP Threat Dragon and Microsoft TMT in the same scenario register. Formulas read rows 6–155. | I4: Input area: record ChatGPT R1/R2, Llama R1/R2, ThreMoLIA, OWASP Threat Dragon and Microsoft TMT in the same scenario register. Formulas read rows 6–155. | J4: Input area: record ChatGPT R1/R2, Llama R1/R2, ThreMoLIA, OWASP Threat Dragon and Microsoft TMT in the same scenario register. Formulas read rows 6–155. | K4: Input area: record ChatGPT R1/R2, Llama R1/R2, ThreMoLIA, OWASP Threat Dragon and Microsoft TMT in the same scenario register. Formulas read rows 6–155. | L4: Input area: record ChatGPT R1/R2, Llama R1/R2, ThreMoLIA, OWASP Threat Dragon and Microsoft TMT in the same scenario register. Formulas read rows 6–155. | M4: Input area: record ChatGPT R1/R2, Llama R1/R2, ThreMoLIA, OWASP Threat Dragon and Microsoft TMT in the same scenario register. Formulas read rows 6–155. | N4: Input area: record ChatGPT R1/R2, Llama R1/R2, ThreMoLIA, OWASP Threat Dragon and Microsoft TMT in the same scenario register. Formulas read rows 6–155. | O4: Input area: record ChatGPT R1/R2, Llama R1/R2, ThreMoLIA, OWASP Threat Dragon and Microsoft TMT in the same scenario register. Formulas read rows 6–155. | P4: Input area: record ChatGPT R1/R2, Llama R1/R2, ThreMoLIA, OWASP Threat Dragon and Microsoft TMT in the same scenario register. Formulas read rows 6–155. | Q4: Input area: record ChatGPT R1/R2, Llama R1/R2, ThreMoLIA, OWASP Threat Dragon and Microsoft TMT in the same scenario register. Formulas read rows 6–155. | R4: Input area: record ChatGPT R1/R2, Llama R1/R2, ThreMoLIA, OWASP Threat Dragon and Microsoft TMT in the same scenario register. Formulas read rows 6–155. | S4: Input area: record ChatGPT R1/R2, Llama R1/R2, ThreMoLIA, OWASP Threat Dragon and Microsoft TMT in the same scenario register. Formulas read rows 6–155.
A5: Record ID | B5: Approach / run | C5: Output ID | D5: Threat title (raw) | E5: Threat description / property (raw) | F5: DFD element / component | G5: Component type | H5: Data flow / interaction | I5: Trust boundary | J5: Source category (raw) | K5: STRIDE category | L5: Severity (raw) | M5: LLM-relevant? | N5: LLM theme | O5: Raw evidence reference | P5: Review status | Q5: Final inclusion? | R5: Cross-approach mapping ID | S5: Analyst notes

Sheet Scenario 2 Raw
A1: Scenario 2 — Raw Tool Results
A2: Enter one row per generated threat. Keep the original output intact; use review fields only after the raw result is preserved.
A4: Input area: record ChatGPT R1/R2, Llama R1/R2, ThreMoLIA, OWASP Threat Dragon and Microsoft TMT in the same scenario register. Formulas read rows 6–155. | B4: Input area: record ChatGPT R1/R2, Llama R1/R2, ThreMoLIA, OWASP Threat Dragon and Microsoft TMT in the same scenario register. Formulas read rows 6–155. | C4: Input area: record ChatGPT R1/R2, Llama R1/R2, ThreMoLIA, OWASP Threat Dragon and Microsoft TMT in the same scenario register. Formulas read rows 6–155. | D4: Input area: record ChatGPT R1/R2, Llama R1/R2, ThreMoLIA, OWASP Threat Dragon and Microsoft TMT in the same scenario register. Formulas read rows 6–155. | E4: Input area: record ChatGPT R1/R2, Llama R1/R2, ThreMoLIA, OWASP Threat Dragon and Microsoft TMT in the same scenario register. Formulas read rows 6–155. | F4: Input area: record ChatGPT R1/R2, Llama R1/R2, ThreMoLIA, OWASP Threat Dragon and Microsoft TMT in the same scenario register. Formulas read rows 6–155. | G4: Input area: record ChatGPT R1/R2, Llama R1/R2, ThreMoLIA, OWASP Threat Dragon and Microsoft TMT in the same scenario register. Formulas read rows 6–155. | H4: Input area: record ChatGPT R1/R2, Llama R1/R2, ThreMoLIA, OWASP Threat Dragon and Microsoft TMT in the same scenario register. Formulas read rows 6–155. | I4: Input area: record ChatGPT R1/R2, Llama R1/R2, ThreMoLIA, OWASP Threat Dragon and Microsoft TMT in the same scenario register. Formulas read rows 6–155. | J4: Input area: record ChatGPT R1/R2, Llama R1/R2, ThreMoLIA, OWASP Threat Dragon and Microsoft TMT in the same scenario register. Formulas read rows 6–155. | K4: Input area: record ChatGPT R1/R2, Llama R1/R2, ThreMoLIA, OWASP Threat Dragon and Microsoft TMT in the same scenario register. Formulas read rows 6–155. | L4: Input area: record ChatGPT R1/R2, Llama R1/R2, ThreMoLIA, OWASP Threat Dragon and Microsoft TMT in the same scenario register. Formulas read rows 6–155. | M4: Input area: record ChatGPT R1/R2, Llama R1/R2, ThreMoLIA, OWASP Threat Dragon and Microsoft TMT in the same scenario register. Formulas read rows 6–155. | N4: Input area: record ChatGPT R1/R2, Llama R1/R2, ThreMoLIA, OWASP Threat Dragon and Microsoft TMT in the same scenario register. Formulas read rows 6–155. | O4: Input area: record ChatGPT R1/R2, Llama R1/R2, ThreMoLIA, OWASP Threat Dragon and Microsoft TMT in the same scenario register. Formulas read rows 6–155. | P4: Input area: record ChatGPT R1/R2, Llama R1/R2, ThreMoLIA, OWASP Threat Dragon and Microsoft TMT in the same scenario register. Formulas read rows 6–155. | Q4: Input area: record ChatGPT R1/R2, Llama R1/R2, ThreMoLIA, OWASP Threat Dragon and Microsoft TMT in the same scenario register. Formulas read rows 6–155. | R4: Input area: record ChatGPT R1/R2, Llama R1/R2, ThreMoLIA, OWASP Threat Dragon and Microsoft TMT in the same scenario register. Formulas read rows 6–155. | S4: Input area: record ChatGPT R1/R2, Llama R1/R2, ThreMoLIA, OWASP Threat Dragon and Microsoft TMT in the same scenario register. Formulas read rows 6–155.
A5: Record ID | B5: Approach / run | C5: Output ID | D5: Threat title (raw) | E5: Threat description / property (raw) | F5: DFD element / component | G5: Component type | H5: Data flow / interaction | I5: Trust boundary | J5: Source category (raw) | K5: STRIDE category | L5: Severity (raw) | M5: LLM-relevant? | N5: LLM theme | O5: Raw evidence reference | P5: Review status | Q5: Final inclusion? | R5: Cross-approach mapping ID | S5: Analyst notes

Sheet Scenario 3 Raw
A1: Scenario 3 — Raw Tool Results
A2: Enter one row per generated threat. Keep the original output intact; use review fields only after the raw result is preserved.
A4: Input area: record ChatGPT R1/R2, Llama R1/R2, ThreMoLIA, OWASP Threat Dragon and Microsoft TMT in the same scenario register. Formulas read rows 6–155. | B4: Input area: record ChatGPT R1/R2, Llama R1/R2, ThreMoLIA, OWASP Threat Dragon and Microsoft TMT in the same scenario register. Formulas read rows 6–155. | C4: Input area: record ChatGPT R1/R2, Llama R1/R2, ThreMoLIA, OWASP Threat Dragon and Microsoft TMT in the same scenario register. Formulas read rows 6–155. | D4: Input area: record ChatGPT R1/R2, Llama R1/R2, ThreMoLIA, OWASP Threat Dragon and Microsoft TMT in the same scenario register. Formulas read rows 6–155. | E4: Input area: record ChatGPT R1/R2, Llama R1/R2, ThreMoLIA, OWASP Threat Dragon and Microsoft TMT in the same scenario register. Formulas read rows 6–155. | F4: Input area: record ChatGPT R1/R2, Llama R1/R2, ThreMoLIA, OWASP Threat Dragon and Microsoft TMT in the same scenario register. Formulas read rows 6–155. | G4: Input area: record ChatGPT R1/R2, Llama R1/R2, ThreMoLIA, OWASP Threat Dragon and Microsoft TMT in the same scenario register. Formulas read rows 6–155. | H4: Input area: record ChatGPT R1/R2, Llama R1/R2, ThreMoLIA, OWASP Threat Dragon and Microsoft TMT in the same scenario register. Formulas read rows 6–155. | I4: Input area: record ChatGPT R1/R2, Llama R1/R2, ThreMoLIA, OWASP Threat Dragon and Microsoft TMT in the same scenario register. Formulas read rows 6–155. | J4: Input area: record ChatGPT R1/R2, Llama R1/R2, ThreMoLIA, OWASP Threat Dragon and Microsoft TMT in the same scenario register. Formulas read rows 6–155. | K4: Input area: record ChatGPT R1/R2, Llama R1/R2, ThreMoLIA, OWASP Threat Dragon and Microsoft TMT in the same scenario register. Formulas read rows 6–155. | L4: Input area: record ChatGPT R1/R2, Llama R1/R2, ThreMoLIA, OWASP Threat Dragon and Microsoft TMT in the same scenario register. Formulas read rows 6–155. | M4: Input area: record ChatGPT R1/R2, Llama R1/R2, ThreMoLIA, OWASP Threat Dragon and Microsoft TMT in the same scenario register. Formulas read rows 6–155. | N4: Input area: record ChatGPT R1/R2, Llama R1/R2, ThreMoLIA, OWASP Threat Dragon and Microsoft TMT in the same scenario register. Formulas read rows 6–155. | O4: Input area: record ChatGPT R1/R2, Llama R1/R2, ThreMoLIA, OWASP Threat Dragon and Microsoft TMT in the same scenario register. Formulas read rows 6–155. | P4: Input area: record ChatGPT R1/R2, Llama R1/R2, ThreMoLIA, OWASP Threat Dragon and Microsoft TMT in the same scenario register. Formulas read rows 6–155. | Q4: Input area: record ChatGPT R1/R2, Llama R1/R2, ThreMoLIA, OWASP Threat Dragon and Microsoft TMT in the same scenario register. Formulas read rows 6–155. | R4: Input area: record ChatGPT R1/R2, Llama R1/R2, ThreMoLIA, OWASP Threat Dragon and Microsoft TMT in the same scenario register. Formulas read rows 6–155. | S4: Input area: record ChatGPT R1/R2, Llama R1/R2, ThreMoLIA, OWASP Threat Dragon and Microsoft TMT in the same scenario register. Formulas read rows 6–155.
A5: Record ID | B5: Approach / run | C5: Output ID | D5: Threat title (raw) | E5: Threat description / property (raw) | F5: DFD element / component | G5: Component type | H5: Data flow / interaction | I5: Trust boundary | J5: Source category (raw) | K5: STRIDE category | L5: Severity (raw) | M5: LLM-relevant? | N5: LLM theme | O5: Raw evidence reference | P5: Review status | Q5: Final inclusion? | R5: Cross-approach mapping ID | S5: Analyst notes

Sheet All Approaches
A1: All-Approach Comparison
A2: Formula-driven comparison of ChatGPT R1/R2, Llama R1/R2, ThreMoLIA, OWASP Threat Dragon and Microsoft TMT.
A4: Scenario | B4: Approach | C4: Approach family | D4: Raw findings | E4: Reviewed | F4: Included | G4: Excluded / out of scope | H4: Duplicates / noise | I4: Mapped to another approach | J4: Included / raw | K4: Mapped / included | L4: Comparative observation (manual)
A5: Scenario 1 | B5: ChatGPT R1 | C5: LLM — ChatGPT | D5: =COUNTIFS('Scenario 1 Raw'!$B$6:$B$155,$B5,'Scenario 1 Raw'!$C$6:$C$155,"<>") -> 0 | E5: =COUNTIFS('Scenario 1 Raw'!$B$6:$B$155,$B5,'Scenario 1 Raw'!$C$6:$C$155,"<>",'Scenario 1 Raw'!$P$6:$P$155,"Reviewed") -> 0 | F5: =COUNTIFS('Scenario 1 Raw'!$B$6:$B$155,$B5,'Scenario 1 Raw'!$C$6:$C$155,"<>",'Scenario 1 Raw'!$Q$6:$Q$155,"Yes") -> 0 | G5: =COUNTIFS('Scenario 1 Raw'!$B$6:$B$155,$B5,'Scenario 1 Raw'!$C$6:$C$155,"<>",'Scenario 1 Raw'!$P$6:$P$155,"Excluded")+COUNTIFS('Scenario 1 Raw'!$B$6:$B$155,$B5,'Scenario 1 Raw'!$C$6:$C$155,"<>",'Scenario 1 Raw'!$P$6:$P$155,"Out of scope") -> 0 | H5: =COUNTIFS('Scenario 1 Raw'!$B$6:$B$155,$B5,'Scenario 1 Raw'!$C$6:$C$155,"<>",'Scenario 1 Raw'!$P$6:$P$155,"Duplicate / noise") -> 0 | I5: =COUNTIFS('Scenario 1 Raw'!$B$6:$B$155,$B5,'Scenario 1 Raw'!$C$6:$C$155,"<>",'Scenario 1 Raw'!$Q$6:$Q$155,"Yes",'Scenario 1 Raw'!$R$6:$R$155,"<>") -> 0 | J5: =IFERROR(F5/D5,0) -> 0 | K5: =IFERROR(I5/F5,0) -> 0
A6: Scenario 1 | B6: ChatGPT R2 | C6: LLM — ChatGPT | D6: =COUNTIFS('Scenario 1 Raw'!$B$6:$B$155,$B6,'Scenario 1 Raw'!$C$6:$C$155,"<>") -> 0 | E6: =COUNTIFS('Scenario 1 Raw'!$B$6:$B$155,$B6,'Scenario 1 Raw'!$C$6:$C$155,"<>",'Scenario 1 Raw'!$P$6:$P$155,"Reviewed") -> 0 | F6: =COUNTIFS('Scenario 1 Raw'!$B$6:$B$155,$B6,'Scenario 1 Raw'!$C$6:$C$155,"<>",'Scenario 1 Raw'!$Q$6:$Q$155,"Yes") -> 0 | G6: =COUNTIFS('Scenario 1 Raw'!$B$6:$B$155,$B6,'Scenario 1 Raw'!$C$6:$C$155,"<>",'Scenario 1 Raw'!$P$6:$P$155,"Excluded")+COUNTIFS('Scenario 1 Raw'!$B$6:$B$155,$B6,'Scenario 1 Raw'!$C$6:$C$155,"<>",'Scenario 1 Raw'!$P$6:$P$155,"Out of scope") -> 0 | H6: =COUNTIFS('Scenario 1 Raw'!$B$6:$B$155,$B6,'Scenario 1 Raw'!$C$6:$C$155,"<>",'Scenario 1 Raw'!$P$6:$P$155,"Duplicate / noise") -> 0 | I6: =COUNTIFS('Scenario 1 Raw'!$B$6:$B$155,$B6,'Scenario 1 Raw'!$C$6:$C$155,"<>",'Scenario 1 Raw'!$Q$6:$Q$155,"Yes",'Scenario 1 Raw'!$R$6:$R$155,"<>") -> 0 | J6: =IFERROR(F6/D6,0) -> 0 | K6: =IFERROR(I6/F6,0) -> 0
A7: Scenario 1 | B7: Llama R1 | C7: LLM — Llama | D7: =COUNTIFS('Scenario 1 Raw'!$B$6:$B$155,$B7,'Scenario 1 Raw'!$C$6:$C$155,"<>") -> 0 | E7: =COUNTIFS('Scenario 1 Raw'!$B$6:$B$155,$B7,'Scenario 1 Raw'!$C$6:$C$155,"<>",'Scenario 1 Raw'!$P$6:$P$155,"Reviewed") -> 0 | F7: =COUNTIFS('Scenario 1 Raw'!$B$6:$B$155,$B7,'Scenario 1 Raw'!$C$6:$C$155,"<>",'Scenario 1 Raw'!$Q$6:$Q$155,"Yes") -> 0 | G7: =COUNTIFS('Scenario 1 Raw'!$B$6:$B$155,$B7,'Scenario 1 Raw'!$C$6:$C$155,"<>",'Scenario 1 Raw'!$P$6:$P$155,"Excluded")+COUNTIFS('Scenario 1 Raw'!$B$6:$B$155,$B7,'Scenario 1 Raw'!$C$6:$C$155,"<>",'Scenario 1 Raw'!$P$6:$P$155,"Out of scope") -> 0 | H7: =COUNTIFS('Scenario 1 Raw'!$B$6:$B$155,$B7,'Scenario 1 Raw'!$C$6:$C$155,"<>",'Scenario 1 Raw'!$P$6:$P$155,"Duplicate / noise") -> 0 | I7: =COUNTIFS('Scenario 1 Raw'!$B$6:$B$155,$B7,'Scenario 1 Raw'!$C$6:$C$155,"<>",'Scenario 1 Raw'!$Q$6:$Q$155,"Yes",'Scenario 1 Raw'!$R$6:$R$155,"<>") -> 0 | J7: =IFERROR(F7/D7,0) -> 0 | K7: =IFERROR(I7/F7,0) -> 0
A8: Scenario 1 | B8: Llama R2 | C8: LLM — Llama | D8: =COUNTIFS('Scenario 1 Raw'!$B$6:$B$155,$B8,'Scenario 1 Raw'!$C$6:$C$155,"<>") -> 0 | E8: =COUNTIFS('Scenario 1 Raw'!$B$6:$B$155,$B8,'Scenario 1 Raw'!$C$6:$C$155,"<>",'Scenario 1 Raw'!$P$6:$P$155,"Reviewed") -> 0 | F8: =COUNTIFS('Scenario 1 Raw'!$B$6:$B$155,$B8,'Scenario 1 Raw'!$C$6:$C$155,"<>",'Scenario 1 Raw'!$Q$6:$Q$155,"Yes") -> 0 | G8: =COUNTIFS('Scenario 1 Raw'!$B$6:$B$155,$B8,'Scenario 1 Raw'!$C$6:$C$155,"<>",'Scenario 1 Raw'!$P$6:$P$155,"Excluded")+COUNTIFS('Scenario 1 Raw'!$B$6:$B$155,$B8,'Scenario 1 Raw'!$C$6:$C$155,"<>",'Scenario 1 Raw'!$P$6:$P$155,"Out of scope") -> 0 | H8: =COUNTIFS('Scenario 1 Raw'!$B$6:$B$155,$B8,'Scenario 1 Raw'!$C$6:$C$155,"<>",'Scenario 1 Raw'!$P$6:$P$155,"Duplicate / noise") -> 0 | I8: =COUNTIFS('Scenario 1 Raw'!$B$6:$B$155,$B8,'Scenario 1 Raw'!$C$6:$C$155,"<>",'Scenario 1 Raw'!$Q$6:$Q$155,"Yes",'Scenario 1 Raw'!$R$6:$R$155,"<>") -> 0 | J8: =IFERROR(F8/D8,0) -> 0 | K8: =IFERROR(I8/F8,0) -> 0
A9: Scenario 1 | B9: ThreMoLIA | C9: LLM-assisted threat-modeling tool | D9: =COUNTIFS('Scenario 1 Raw'!$B$6:$B$155,$B9,'Scenario 1 Raw'!$C$6:$C$155,"<>") -> 0 | E9: =COUNTIFS('Scenario 1 Raw'!$B$6:$B$155,$B9,'Scenario 1 Raw'!$C$6:$C$155,"<>",'Scenario 1 Raw'!$P$6:$P$155,"Reviewed") -> 0 | F9: =COUNTIFS('Scenario 1 Raw'!$B$6:$B$155,$B9,'Scenario 1 Raw'!$C$6:$C$155,"<>",'Scenario 1 Raw'!$Q$6:$Q$155,"Yes") -> 0 | G9: =COUNTIFS('Scenario 1 Raw'!$B$6:$B$155,$B9,'Scenario 1 Raw'!$C$6:$C$155,"<>",'Scenario 1 Raw'!$P$6:$P$155,"Excluded")+COUNTIFS('Scenario 1 Raw'!$B$6:$B$155,$B9,'Scenario 1 Raw'!$C$6:$C$155,"<>",'Scenario 1 Raw'!$P$6:$P$155,"Out of scope") -> 0 | H9: =COUNTIFS('Scenario 1 Raw'!$B$6:$B$155,$B9,'Scenario 1 Raw'!$C$6:$C$155,"<>",'Scenario 1 Raw'!$P$6:$P$155,"Duplicate / noise") -> 0 | I9: =COUNTIFS('Scenario 1 Raw'!$B$6:$B$155,$B9,'Scenario 1 Raw'!$C$6:$C$155,"<>",'Scenario 1 Raw'!$Q$6:$Q$155,"Yes",'Scenario 1 Raw'!$R$6:$R$155,"<>") -> 0 | J9: =IFERROR(F9/D9,0) -> 0 | K9: =IFERROR(I9/F9,0) -> 0
A10: Scenario 1 | B10: OWASP Threat Dragon | C10: Threat-modeling tool | D10: =COUNTIFS('Scenario 1 Raw'!$B$6:$B$155,$B10,'Scenario 1 Raw'!$C$6:$C$155,"<>") -> 0 | E10: =COUNTIFS('Scenario 1 Raw'!$B$6:$B$155,$B10,'Scenario 1 Raw'!$C$6:$C$155,"<>",'Scenario 1 Raw'!$P$6:$P$155,"Reviewed") -> 0 | F10: =COUNTIFS('Scenario 1 Raw'!$B$6:$B$155,$B10,'Scenario 1 Raw'!$C$6:$C$155,"<>",'Scenario 1 Raw'!$Q$6:$Q$155,"Yes") -> 0 | G10: =COUNTIFS('Scenario 1 Raw'!$B$6:$B$155,$B10,'Scenario 1 Raw'!$C$6:$C$155,"<>",'Scenario 1 Raw'!$P$6:$P$155,"Excluded")+COUNTIFS('Scenario 1 Raw'!$B$6:$B$155,$B10,'Scenario 1 Raw'!$C$6:$C$155,"<>",'Scenario 1 Raw'!$P$6:$P$155,"Out of scope") -> 0 | H10: =COUNTIFS('Scenario 1 Raw'!$B$6:$B$155,$B10,'Scenario 1 Raw'!$C$6:$C$155,"<>",'Scenario 1 Raw'!$P$6:$P$155,"Duplicate / noise") -> 0 | I10: =COUNTIFS('Scenario 1 Raw'!$B$6:$B$155,$B10,'Scenario 1 Raw'!$C$6:$C$155,"<>",'Scenario 1 Raw'!$Q$6:$Q$155,"Yes",'Scenario 1 Raw'!$R$6:$R$155,"<>") -> 0 | J10: =IFERROR(F10/D10,0) -> 0 | K10: =IFERROR(I10/F10,0) -> 0
A11: Scenario 1 | B11: Microsoft TMT | C11: Threat-modeling tool | D11: =COUNTIFS('Scenario 1 Raw'!$B$6:$B$155,$B11,'Scenario 1 Raw'!$C$6:$C$155,"<>") -> 0 | E11: =COUNTIFS('Scenario 1 Raw'!$B$6:$B$155,$B11,'Scenario 1 Raw'!$C$6:$C$155,"<>",'Scenario 1 Raw'!$P$6:$P$155,"Reviewed") -> 0 | F11: =COUNTIFS('Scenario 1 Raw'!$B$6:$B$155,$B11,'Scenario 1 Raw'!$C$6:$C$155,"<>",'Scenario 1 Raw'!$Q$6:$Q$155,"Yes") -> 0 | G11: =COUNTIFS('Scenario 1 Raw'!$B$6:$B$155,$B11,'Scenario 1 Raw'!$C$6:$C$155,"<>",'Scenario 1 Raw'!$P$6:$P$155,"Excluded")+COUNTIFS('Scenario 1 Raw'!$B$6:$B$155,$B11,'Scenario 1 Raw'!$C$6:$C$155,"<>",'Scenario 1 Raw'!$P$6:$P$155,"Out of scope") -> 0 | H11: =COUNTIFS('Scenario 1 Raw'!$B$6:$B$155,$B11,'Scenario 1 Raw'!$C$6:$C$155,"<>",'Scenario 1 Raw'!$P$6:$P$155,"Duplicate / noise") -> 0 | I11: =COUNTIFS('Scenario 1 Raw'!$B$6:$B$155,$B11,'Scenario 1 Raw'!$C$6:$C$155,"<>",'Scenario 1 Raw'!$Q$6:$Q$155,"Yes",'Scenario 1 Raw'!$R$6:$R$155,"<>") -> 0 | J11: =IFERROR(F11/D11,0) -> 0 | K11: =IFERROR(I11/F11,0) -> 0
A12: Scenario 2 | B12: ChatGPT R1 | C12: LLM — ChatGPT | D12: =COUNTIFS('Scenario 2 Raw'!$B$6:$B$155,$B12,'Scenario 2 Raw'!$C$6:$C$155,"<>") -> 0 | E12: =COUNTIFS('Scenario 2 Raw'!$B$6:$B$155,$B12,'Scenario 2 Raw'!$C$6:$C$155,"<>",'Scenario 2 Raw'!$P$6:$P$155,"Reviewed") -> 0 | F12: =COUNTIFS('Scenario 2 Raw'!$B$6:$B$155,$B12,'Scenario 2 Raw'!$C$6:$C$155,"<>",'Scenario 2 Raw'!$Q$6:$Q$155,"Yes") -> 0 | G12: =COUNTIFS('Scenario 2 Raw'!$B$6:$B$155,$B12,'Scenario 2 Raw'!$C$6:$C$155,"<>",'Scenario 2 Raw'!$P$6:$P$155,"Excluded")+COUNTIFS('Scenario 2 Raw'!$B$6:$B$155,$B12,'Scenario 2 Raw'!$C$6:$C$155,"<>",'Scenario 2 Raw'!$P$6:$P$155,"Out of scope") -> 0 | H12: =COUNTIFS('Scenario 2 Raw'!$B$6:$B$155,$B12,'Scenario 2 Raw'!$C$6:$C$155,"<>",'Scenario 2 Raw'!$P$6:$P$155,"Duplicate / noise") -> 0 | I12: =COUNTIFS('Scenario 2 Raw'!$B$6:$B$155,$B12,'Scenario 2 Raw'!$C$6:$C$155,"<>",'Scenario 2 Raw'!$Q$6:$Q$155,"Yes",'Scenario 2 Raw'!$R$6:$R$155,"<>") -> 0 | J12: =IFERROR(F12/D12,0) -> 0 | K12: =IFERROR(I12/F12,0) -> 0
A13: Scenario 2 | B13: ChatGPT R2 | C13: LLM — ChatGPT | D13: =COUNTIFS('Scenario 2 Raw'!$B$6:$B$155,$B13,'Scenario 2 Raw'!$C$6:$C$155,"<>") -> 0 | E13: =COUNTIFS('Scenario 2 Raw'!$B$6:$B$155,$B13,'Scenario 2 Raw'!$C$6:$C$155,"<>",'Scenario 2 Raw'!$P$6:$P$155,"Reviewed") -> 0 | F13: =COUNTIFS('Scenario 2 Raw'!$B$6:$B$155,$B13,'Scenario 2 Raw'!$C$6:$C$155,"<>",'Scenario 2 Raw'!$Q$6:$Q$155,"Yes") -> 0 | G13: =COUNTIFS('Scenario 2 Raw'!$B$6:$B$155,$B13,'Scenario 2 Raw'!$C$6:$C$155,"<>",'Scenario 2 Raw'!$P$6:$P$155,"Excluded")+COUNTIFS('Scenario 2 Raw'!$B$6:$B$155,$B13,'Scenario 2 Raw'!$C$6:$C$155,"<>",'Scenario 2 Raw'!$P$6:$P$155,"Out of scope") -> 0 | H13: =COUNTIFS('Scenario 2 Raw'!$B$6:$B$155,$B13,'Scenario 2 Raw'!$C$6:$C$155,"<>",'Scenario 2 Raw'!$P$6:$P$155,"Duplicate / noise") -> 0 | I13: =COUNTIFS('Scenario 2 Raw'!$B$6:$B$155,$B13,'Scenario 2 Raw'!$C$6:$C$155,"<>",'Scenario 2 Raw'!$Q$6:$Q$155,"Yes",'Scenario 2 Raw'!$R$6:$R$155,"<>") -> 0 | J13: =IFERROR(F13/D13,0) -> 0 | K13: =IFERROR(I13/F13,0) -> 0
A14: Scenario 2 | B14: Llama R1 | C14: LLM — Llama | D14: =COUNTIFS('Scenario 2 Raw'!$B$6:$B$155,$B14,'Scenario 2 Raw'!$C$6:$C$155,"<>") -> 0 | E14: =COUNTIFS('Scenario 2 Raw'!$B$6:$B$155,$B14,'Scenario 2 Raw'!$C$6:$C$155,"<>",'Scenario 2 Raw'!$P$6:$P$155,"Reviewed") -> 0 | F14: =COUNTIFS('Scenario 2 Raw'!$B$6:$B$155,$B14,'Scenario 2 Raw'!$C$6:$C$155,"<>",'Scenario 2 Raw'!$Q$6:$Q$155,"Yes") -> 0 | G14: =COUNTIFS('Scenario 2 Raw'!$B$6:$B$155,$B14,'Scenario 2 Raw'!$C$6:$C$155,"<>",'Scenario 2 Raw'!$P$6:$P$155,"Excluded")+COUNTIFS('Scenario 2 Raw'!$B$6:$B$155,$B14,'Scenario 2 Raw'!$C$6:$C$155,"<>",'Scenario 2 Raw'!$P$6:$P$155,"Out of scope") -> 0 | H14: =COUNTIFS('Scenario 2 Raw'!$B$6:$B$155,$B14,'Scenario 2 Raw'!$C$6:$C$155,"<>",'Scenario 2 Raw'!$P$6:$P$155,"Duplicate / noise") -> 0 | I14: =COUNTIFS('Scenario 2 Raw'!$B$6:$B$155,$B14,'Scenario 2 Raw'!$C$6:$C$155,"<>",'Scenario 2 Raw'!$Q$6:$Q$155,"Yes",'Scenario 2 Raw'!$R$6:$R$155,"<>") -> 0 | J14: =IFERROR(F14/D14,0) -> 0 | K14: =IFERROR(I14/F14,0) -> 0
A15: Scenario 2 | B15: Llama R2 | C15: LLM — Llama | D15: =COUNTIFS('Scenario 2 Raw'!$B$6:$B$155,$B15,'Scenario 2 Raw'!$C$6:$C$155,"<>") -> 0 | E15: =COUNTIFS('Scenario 2 Raw'!$B$6:$B$155,$B15,'Scenario 2 Raw'!$C$6:$C$155,"<>",'Scenario 2 Raw'!$P$6:$P$155,"Reviewed") -> 0 | F15: =COUNTIFS('Scenario 2 Raw'!$B$6:$B$155,$B15,'Scenario 2 Raw'!$C$6:$C$155,"<>",'Scenario 2 Raw'!$Q$6:$Q$155,"Yes") -> 0 | G15: =COUNTIFS('Scenario 2 Raw'!$B$6:$B$155,$B15,'Scenario 2 Raw'!$C$6:$C$155,"<>",'Scenario 2 Raw'!$P$6:$P$155,"Excluded")+COUNTIFS('Scenario 2 Raw'!$B$6:$B$155,$B15,'Scenario 2 Raw'!$C$6:$C$155,"<>",'Scenario 2 Raw'!$P$6:$P$155,"Out of scope") -> 0 | H15: =COUNTIFS('Scenario 2 Raw'!$B$6:$B$155,$B15,'Scenario 2 Raw'!$C$6:$C$155,"<>",'Scenario 2 Raw'!$P$6:$P$155,"Duplicate / noise") -> 0 | I15: =COUNTIFS('Scenario 2 Raw'!$B$6:$B$155,$B15,'Scenario 2 Raw'!$C$6:$C$155,"<>",'Scenario 2 Raw'!$Q$6:$Q$155,"Yes",'Scenario 2 Raw'!$R$6:$R$155,"<>") -> 0 | J15: =IFERROR(F15/D15,0) -> 0 | K15: =IFERROR(I15/F15,0) -> 0
A16: Scenario 2 | B16: ThreMoLIA | C16: LLM-assisted threat-modeling tool | D16: =COUNTIFS('Scenario 2 Raw'!$B$6:$B$155,$B16,'Scenario 2 Raw'!$C$6:$C$155,"<>") -> 0 | E16: =COUNTIFS('Scenario 2 Raw'!$B$6:$B$155,$B16,'Scenario 2 Raw'!$C$6:$C$155,"<>",'Scenario 2 Raw'!$P$6:$P$155,"Reviewed") -> 0 | F16: =COUNTIFS('Scenario 2 Raw'!$B$6:$B$155,$B16,'Scenario 2 Raw'!$C$6:$C$155,"<>",'Scenario 2 Raw'!$Q$6:$Q$155,"Yes") -> 0 | G16: =COUNTIFS('Scenario 2 Raw'!$B$6:$B$155,$B16,'Scenario 2 Raw'!$C$6:$C$155,"<>",'Scenario 2 Raw'!$P$6:$P$155,"Excluded")+COUNTIFS('Scenario 2 Raw'!$B$6:$B$155,$B16,'Scenario 2 Raw'!$C$6:$C$155,"<>",'Scenario 2 Raw'!$P$6:$P$155,"Out of scope") -> 0 | H16: =COUNTIFS('Scenario 2 Raw'!$B$6:$B$155,$B16,'Scenario 2 Raw'!$C$6:$C$155,"<>",'Scenario 2 Raw'!$P$6:$P$155,"Duplicate / noise") -> 0 | I16: =COUNTIFS('Scenario 2 Raw'!$B$6:$B$155,$B16,'Scenario 2 Raw'!$C$6:$C$155,"<>",'Scenario 2 Raw'!$Q$6:$Q$155,"Yes",'Scenario 2 Raw'!$R$6:$R$155,"<>") -> 0 | J16: =IFERROR(F16/D16,0) -> 0 | K16: =IFERROR(I16/F16,0) -> 0
A17: Scenario 2 | B17: OWASP Threat Dragon | C17: Threat-modeling tool | D17: =COUNTIFS('Scenario 2 Raw'!$B$6:$B$155,$B17,'Scenario 2 Raw'!$C$6:$C$155,"<>") -> 0 | E17: =COUNTIFS('Scenario 2 Raw'!$B$6:$B$155,$B17,'Scenario 2 Raw'!$C$6:$C$155,"<>",'Scenario 2 Raw'!$P$6:$P$155,"Reviewed") -> 0 | F17: =COUNTIFS('Scenario 2 Raw'!$B$6:$B$155,$B17,'Scenario 2 Raw'!$C$6:$C$155,"<>",'Scenario 2 Raw'!$Q$6:$Q$155,"Yes") -> 0 | G17: =COUNTIFS('Scenario 2 Raw'!$B$6:$B$155,$B17,'Scenario 2 Raw'!$C$6:$C$155,"<>",'Scenario 2 Raw'!$P$6:$P$155,"Excluded")+COUNTIFS('Scenario 2 Raw'!$B$6:$B$155,$B17,'Scenario 2 Raw'!$C$6:$C$155,"<>",'Scenario 2 Raw'!$P$6:$P$155,"Out of scope") -> 0 | H17: =COUNTIFS('Scenario 2 Raw'!$B$6:$B$155,$B17,'Scenario 2 Raw'!$C$6:$C$155,"<>",'Scenario 2 Raw'!$P$6:$P$155,"Duplicate / noise") -> 0 | I17: =COUNTIFS('Scenario 2 Raw'!$B$6:$B$155,$B17,'Scenario 2 Raw'!$C$6:$C$155,"<>",'Scenario 2 Raw'!$Q$6:$Q$155,"Yes",'Scenario 2 Raw'!$R$6:$R$155,"<>") -> 0 | J17: =IFERROR(F17/D17,0) -> 0 | K17: =IFERROR(I17/F17,0) -> 0
A18: Scenario 2 | B18: Microsoft TMT | C18: Threat-modeling tool | D18: =COUNTIFS('Scenario 2 Raw'!$B$6:$B$155,$B18,'Scenario 2 Raw'!$C$6:$C$155,"<>") -> 0 | E18: =COUNTIFS('Scenario 2 Raw'!$B$6:$B$155,$B18,'Scenario 2 Raw'!$C$6:$C$155,"<>",'Scenario 2 Raw'!$P$6:$P$155,"Reviewed") -> 0 | F18: =COUNTIFS('Scenario 2 Raw'!$B$6:$B$155,$B18,'Scenario 2 Raw'!$C$6:$C$155,"<>",'Scenario 2 Raw'!$Q$6:$Q$155,"Yes") -> 0 | G18: =COUNTIFS('Scenario 2 Raw'!$B$6:$B$155,$B18,'Scenario 2 Raw'!$C$6:$C$155,"<>",'Scenario 2 Raw'!$P$6:$P$155,"Excluded")+COUNTIFS('Scenario 2 Raw'!$B$6:$B$155,$B18,'Scenario 2 Raw'!$C$6:$C$155,"<>",'Scenario 2 Raw'!$P$6:$P$155,"Out of scope") -> 0 | H18: =COUNTIFS('Scenario 2 Raw'!$B$6:$B$155,$B18,'Scenario 2 Raw'!$C$6:$C$155,"<>",'Scenario 2 Raw'!$P$6:$P$155,"Duplicate / noise") -> 0 | I18: =COUNTIFS('Scenario 2 Raw'!$B$6:$B$155,$B18,'Scenario 2 Raw'!$C$6:$C$155,"<>",'Scenario 2 Raw'!$Q$6:$Q$155,"Yes",'Scenario 2 Raw'!$R$6:$R$155,"<>") -> 0 | J18: =IFERROR(F18/D18,0) -> 0 | K18: =IFERROR(I18/F18,0) -> 0
A19: Scenario 3 | B19: ChatGPT R1 | C19: LLM — ChatGPT | D19: =COUNTIFS('Scenario 3 Raw'!$B$6:$B$155,$B19,'Scenario 3 Raw'!$C$6:$C$155,"<>") -> 0 | E19: =COUNTIFS('Scenario 3 Raw'!$B$6:$B$155,$B19,'Scenario 3 Raw'!$C$6:$C$155,"<>",'Scenario 3 Raw'!$P$6:$P$155,"Reviewed") -> 0 | F19: =COUNTIFS('Scenario 3 Raw'!$B$6:$B$155,$B19,'Scenario 3 Raw'!$C$6:$C$155,"<>",'Scenario 3 Raw'!$Q$6:$Q$155,"Yes") -> 0 | G19: =COUNTIFS('Scenario 3 Raw'!$B$6:$B$155,$B19,'Scenario 3 Raw'!$C$6:$C$155,"<>",'Scenario 3 Raw'!$P$6:$P$155,"Excluded")+COUNTIFS('Scenario 3 Raw'!$B$6:$B$155,$B19,'Scenario 3 Raw'!$C$6:$C$155,"<>",'Scenario 3 Raw'!$P$6:$P$155,"Out of scope") -> 0 | H19: =COUNTIFS('Scenario 3 Raw'!$B$6:$B$155,$B19,'Scenario 3 Raw'!$C$6:$C$155,"<>",'Scenario 3 Raw'!$P$6:$P$155,"Duplicate / noise") -> 0 | I19: =COUNTIFS('Scenario 3 Raw'!$B$6:$B$155,$B19,'Scenario 3 Raw'!$C$6:$C$155,"<>",'Scenario 3 Raw'!$Q$6:$Q$155,"Yes",'Scenario 3 Raw'!$R$6:$R$155,"<>") -> 0 | J19: =IFERROR(F19/D19,0) -> 0 | K19: =IFERROR(I19/F19,0) -> 0
A20: Scenario 3 | B20: ChatGPT R2 | C20: LLM — ChatGPT | D20: =COUNTIFS('Scenario 3 Raw'!$B$6:$B$155,$B20,'Scenario 3 Raw'!$C$6:$C$155,"<>") -> 0 | E20: =COUNTIFS('Scenario 3 Raw'!$B$6:$B$155,$B20,'Scenario 3 Raw'!$C$6:$C$155,"<>",'Scenario 3 Raw'!$P$6:$P$155,"Reviewed") -> 0 | F20: =COUNTIFS('Scenario 3 Raw'!$B$6:$B$155,$B20,'Scenario 3 Raw'!$C$6:$C$155,"<>",'Scenario 3 Raw'!$Q$6:$Q$155,"Yes") -> 0 | G20: =COUNTIFS('Scenario 3 Raw'!$B$6:$B$155,$B20,'Scenario 3 Raw'!$C$6:$C$155,"<>",'Scenario 3 Raw'!$P$6:$P$155,"Excluded")+COUNTIFS('Scenario 3 Raw'!$B$6:$B$155,$B20,'Scenario 3 Raw'!$C$6:$C$155,"<>",'Scenario 3 Raw'!$P$6:$P$155,"Out of scope") -> 0 | H20: =COUNTIFS('Scenario 3 Raw'!$B$6:$B$155,$B20,'Scenario 3 Raw'!$C$6:$C$155,"<>",'Scenario 3 Raw'!$P$6:$P$155,"Duplicate / noise") -> 0 | I20: =COUNTIFS('Scenario 3 Raw'!$B$6:$B$155,$B20,'Scenario 3 Raw'!$C$6:$C$155,"<>",'Scenario 3 Raw'!$Q$6:$Q$155,"Yes",'Scenario 3 Raw'!$R$6:$R$155,"<>") -> 0 | J20: =IFERROR(F20/D20,0) -> 0 | K20: =IFERROR(I20/F20,0) -> 0
A21: Scenario 3 | B21: Llama R1 | C21: LLM — Llama | D21: =COUNTIFS('Scenario 3 Raw'!$B$6:$B$155,$B21,'Scenario 3 Raw'!$C$6:$C$155,"<>") -> 0 | E21: =COUNTIFS('Scenario 3 Raw'!$B$6:$B$155,$B21,'Scenario 3 Raw'!$C$6:$C$155,"<>",'Scenario 3 Raw'!$P$6:$P$155,"Reviewed") -> 0 | F21: =COUNTIFS('Scenario 3 Raw'!$B$6:$B$155,$B21,'Scenario 3 Raw'!$C$6:$C$155,"<>",'Scenario 3 Raw'!$Q$6:$Q$155,"Yes") -> 0 | G21: =COUNTIFS('Scenario 3 Raw'!$B$6:$B$155,$B21,'Scenario 3 Raw'!$C$6:$C$155,"<>",'Scenario 3 Raw'!$P$6:$P$155,"Excluded")+COUNTIFS('Scenario 3 Raw'!$B$6:$B$155,$B21,'Scenario 3 Raw'!$C$6:$C$155,"<>",'Scenario 3 Raw'!$P$6:$P$155,"Out of scope") -> 0 | H21: =COUNTIFS('Scenario 3 Raw'!$B$6:$B$155,$B21,'Scenario 3 Raw'!$C$6:$C$155,"<>",'Scenario 3 Raw'!$P$6:$P$155,"Duplicate / noise") -> 0 | I21: =COUNTIFS('Scenario 3 Raw'!$B$6:$B$155,$B21,'Scenario 3 Raw'!$C$6:$C$155,"<>",'Scenario 3 Raw'!$Q$6:$Q$155,"Yes",'Scenario 3 Raw'!$R$6:$R$155,"<>") -> 0 | J21: =IFERROR(F21/D21,0) -> 0 | K21: =IFERROR(I21/F21,0) -> 0
A22: Scenario 3 | B22: Llama R2 | C22: LLM — Llama | D22: =COUNTIFS('Scenario 3 Raw'!$B$6:$B$155,$B22,'Scenario 3 Raw'!$C$6:$C$155,"<>") -> 0 | E22: =COUNTIFS('Scenario 3 Raw'!$B$6:$B$155,$B22,'Scenario 3 Raw'!$C$6:$C$155,"<>",'Scenario 3 Raw'!$P$6:$P$155,"Reviewed") -> 0 | F22: =COUNTIFS('Scenario 3 Raw'!$B$6:$B$155,$B22,'Scenario 3 Raw'!$C$6:$C$155,"<>",'Scenario 3 Raw'!$Q$6:$Q$155,"Yes") -> 0 | G22: =COUNTIFS('Scenario 3 Raw'!$B$6:$B$155,$B22,'Scenario 3 Raw'!$C$6:$C$155,"<>",'Scenario 3 Raw'!$P$6:$P$155,"Excluded")+COUNTIFS('Scenario 3 Raw'!$B$6:$B$155,$B22,'Scenario 3 Raw'!$C$6:$C$155,"<>",'Scenario 3 Raw'!$P$6:$P$155,"Out of scope") -> 0 | H22: =COUNTIFS('Scenario 3 Raw'!$B$6:$B$155,$B22,'Scenario 3 Raw'!$C$6:$C$155,"<>",'Scenario 3 Raw'!$P$6:$P$155,"Duplicate / noise") -> 0 | I22: =COUNTIFS('Scenario 3 Raw'!$B$6:$B$155,$B22,'Scenario 3 Raw'!$C$6:$C$155,"<>",'Scenario 3 Raw'!$Q$6:$Q$155,"Yes",'Scenario 3 Raw'!$R$6:$R$155,"<>") -> 0 | J22: =IFERROR(F22/D22,0) -> 0 | K22: =IFERROR(I22/F22,0) -> 0
A23: Scenario 3 | B23: ThreMoLIA | C23: LLM-assisted threat-modeling tool | D23: =COUNTIFS('Scenario 3 Raw'!$B$6:$B$155,$B23,'Scenario 3 Raw'!$C$6:$C$155,"<>") -> 0 | E23: =COUNTIFS('Scenario 3 Raw'!$B$6:$B$155,$B23,'Scenario 3 Raw'!$C$6:$C$155,"<>",'Scenario 3 Raw'!$P$6:$P$155,"Reviewed") -> 0 | F23: =COUNTIFS('Scenario 3 Raw'!$B$6:$B$155,$B23,'Scenario 3 Raw'!$C$6:$C$155,"<>",'Scenario 3 Raw'!$Q$6:$Q$155,"Yes") -> 0 | G23: =COUNTIFS('Scenario 3 Raw'!$B$6:$B$155,$B23,'Scenario 3 Raw'!$C$6:$C$155,"<>",'Scenario 3 Raw'!$P$6:$P$155,"Excluded")+COUNTIFS('Scenario 3 Raw'!$B$6:$B$155,$B23,'Scenario 3 Raw'!$C$6:$C$155,"<>",'Scenario 3 Raw'!$P$6:$P$155,"Out of scope") -> 0 | H23: =COUNTIFS('Scenario 3 Raw'!$B$6:$B$155,$B23,'Scenario 3 Raw'!$C$6:$C$155,"<>",'Scenario 3 Raw'!$P$6:$P$155,"Duplicate / noise") -> 0 | I23: =COUNTIFS('Scenario 3 Raw'!$B$6:$B$155,$B23,'Scenario 3 Raw'!$C$6:$C$155,"<>",'Scenario 3 Raw'!$Q$6:$Q$155,"Yes",'Scenario 3 Raw'!$R$6:$R$155,"<>") -> 0 | J23: =IFERROR(F23/D23,0) -> 0 | K23: =IFERROR(I23/F23,0) -> 0
A24: Scenario 3 | B24: OWASP Threat Dragon | C24: Threat-modeling tool | D24: =COUNTIFS('Scenario 3 Raw'!$B$6:$B$155,$B24,'Scenario 3 Raw'!$C$6:$C$155,"<>") -> 0 | E24: =COUNTIFS('Scenario 3 Raw'!$B$6:$B$155,$B24,'Scenario 3 Raw'!$C$6:$C$155,"<>",'Scenario 3 Raw'!$P$6:$P$155,"Reviewed") -> 0 | F24: =COUNTIFS('Scenario 3 Raw'!$B$6:$B$155,$B24,'Scenario 3 Raw'!$C$6:$C$155,"<>",'Scenario 3 Raw'!$Q$6:$Q$155,"Yes") -> 0 | G24: =COUNTIFS('Scenario 3 Raw'!$B$6:$B$155,$B24,'Scenario 3 Raw'!$C$6:$C$155,"<>",'Scenario 3 Raw'!$P$6:$P$155,"Excluded")+COUNTIFS('Scenario 3 Raw'!$B$6:$B$155,$B24,'Scenario 3 Raw'!$C$6:$C$155,"<>",'Scenario 3 Raw'!$P$6:$P$155,"Out of scope") -> 0 | H24: =COUNTIFS('Scenario 3 Raw'!$B$6:$B$155,$B24,'Scenario 3 Raw'!$C$6:$C$155,"<>",'Scenario 3 Raw'!$P$6:$P$155,"Duplicate / noise") -> 0 | I24: =COUNTIFS('Scenario 3 Raw'!$B$6:$B$155,$B24,'Scenario 3 Raw'!$C$6:$C$155,"<>",'Scenario 3 Raw'!$Q$6:$Q$155,"Yes",'Scenario 3 Raw'!$R$6:$R$155,"<>") -> 0 | J24: =IFERROR(F24/D24,0) -> 0 | K24: =IFERROR(I24/F24,0) -> 0
A25: Scenario 3 | B25: Microsoft TMT | C25: Threat-modeling tool | D25: =COUNTIFS('Scenario 3 Raw'!$B$6:$B$155,$B25,'Scenario 3 Raw'!$C$6:$C$155,"<>") -> 0 | E25: =COUNTIFS('Scenario 3 Raw'!$B$6:$B$155,$B25,'Scenario 3 Raw'!$C$6:$C$155,"<>",'Scenario 3 Raw'!$P$6:$P$155,"Reviewed") -> 0 | F25: =COUNTIFS('Scenario 3 Raw'!$B$6:$B$155,$B25,'Scenario 3 Raw'!$C$6:$C$155,"<>",'Scenario 3 Raw'!$Q$6:$Q$155,"Yes") -> 0 | G25: =COUNTIFS('Scenario 3 Raw'!$B$6:$B$155,$B25,'Scenario 3 Raw'!$C$6:$C$155,"<>",'Scenario 3 Raw'!$P$6:$P$155,"Excluded")+COUNTIFS('Scenario 3 Raw'!$B$6:$B$155,$B25,'Scenario 3 Raw'!$C$6:$C$155,"<>",'Scenario 3 Raw'!$P$6:$P$155,"Out of scope") -> 0 | H25: =COUNTIFS('Scenario 3 Raw'!$B$6:$B$155,$B25,'Scenario 3 Raw'!$C$6:$C$155,"<>",'Scenario 3 Raw'!$P$6:$P$155,"Duplicate / noise") -> 0 | I25: =COUNTIFS('Scenario 3 Raw'!$B$6:$B$155,$B25,'Scenario 3 Raw'!$C$6:$C$155,"<>",'Scenario 3 Raw'!$Q$6:$Q$155,"Yes",'Scenario 3 Raw'!$R$6:$R$155,"<>") -> 0 | J25: =IFERROR(F25/D25,0) -> 0 | K25: =IFERROR(I25/F25,0) -> 0
A27: Interpretation note: mapping rate is the share of included records for which the analyst supplied a cross-approach mapping ID. It is not a precision, recall or accuracy estimate.

Sheet STRIDE Summary
A1: STRIDE / Category Summary
A2: Included findings only, compared across all LLM runs and threat-modeling tools.
A4: Scenario | B4: Approach | C4: STRIDE category | D4: Included findings | E4: Share of approach included | F4: Interpretive note (manual)
A5: Scenario 1 | B5: ChatGPT R1 | C5: Spoofing | D5: =COUNTIFS('Scenario 1 Raw'!$B$6:$B$155,$B5,'Scenario 1 Raw'!$C$6:$C$155,"<>",'Scenario 1 Raw'!$Q$6:$Q$155,"Yes",'Scenario 1 Raw'!$K$6:$K$155,$C5) -> 0 | E5: =IFERROR(D5/COUNTIFS('Scenario 1 Raw'!$B$6:$B$155,$B5,'Scenario 1 Raw'!$C$6:$C$155,"<>",'Scenario 1 Raw'!$Q$6:$Q$155,"Yes"),0) -> 0
A6: Scenario 1 | B6: ChatGPT R1 | C6: Tampering | D6: =COUNTIFS('Scenario 1 Raw'!$B$6:$B$155,$B6,'Scenario 1 Raw'!$C$6:$C$155,"<>",'Scenario 1 Raw'!$Q$6:$Q$155,"Yes",'Scenario 1 Raw'!$K$6:$K$155,$C6) -> 0 | E6: =IFERROR(D6/COUNTIFS('Scenario 1 Raw'!$B$6:$B$155,$B6,'Scenario 1 Raw'!$C$6:$C$155,"<>",'Scenario 1 Raw'!$Q$6:$Q$155,"Yes"),0) -> 0
A7: Scenario 1 | B7: ChatGPT R1 | C7: Repudiation | D7: =COUNTIFS('Scenario 1 Raw'!$B$6:$B$155,$B7,'Scenario 1 Raw'!$C$6:$C$155,"<>",'Scenario 1 Raw'!$Q$6:$Q$155,"Yes",'Scenario 1 Raw'!$K$6:$K$155,$C7) -> 0 | E7: =IFERROR(D7/COUNTIFS('Scenario 1 Raw'!$B$6:$B$155,$B7,'Scenario 1 Raw'!$C$6:$C$155,"<>",'Scenario 1 Raw'!$Q$6:$Q$155,"Yes"),0) -> 0
A8: Scenario 1 | B8: ChatGPT R1 | C8: Information Disclosure | D8: =COUNTIFS('Scenario 1 Raw'!$B$6:$B$155,$B8,'Scenario 1 Raw'!$C$6:$C$155,"<>",'Scenario 1 Raw'!$Q$6:$Q$155,"Yes",'Scenario 1 Raw'!$K$6:$K$155,$C8) -> 0 | E8: =IFERROR(D8/COUNTIFS('Scenario 1 Raw'!$B$6:$B$155,$B8,'Scenario 1 Raw'!$C$6:$C$155,"<>",'Scenario 1 Raw'!$Q$6:$Q$155,"Yes"),0) -> 0
A9: Scenario 1 | B9: ChatGPT R1 | C9: Denial of Service | D9: =COUNTIFS('Scenario 1 Raw'!$B$6:$B$155,$B9,'Scenario 1 Raw'!$C$6:$C$155,"<>",'Scenario 1 Raw'!$Q$6:$Q$155,"Yes",'Scenario 1 Raw'!$K$6:$K$155,$C9) -> 0 | E9: =IFERROR(D9/COUNTIFS('Scenario 1 Raw'!$B$6:$B$155,$B9,'Scenario 1 Raw'!$C$6:$C$155,"<>",'Scenario 1 Raw'!$Q$6:$Q$155,"Yes"),0) -> 0
A10: Scenario 1 | B10: ChatGPT R1 | C10: Elevation of Privilege | D10: =COUNTIFS('Scenario 1 Raw'!$B$6:$B$155,$B10,'Scenario 1 Raw'!$C$6:$C$155,"<>",'Scenario 1 Raw'!$Q$6:$Q$155,"Yes",'Scenario 1 Raw'!$K$6:$K$155,$C10) -> 0 | E10: =IFERROR(D10/COUNTIFS('Scenario 1 Raw'!$B$6:$B$155,$B10,'Scenario 1 Raw'!$C$6:$C$155,"<>",'Scenario 1 Raw'!$Q$6:$Q$155,"Yes"),0) -> 0
A11: Scenario 1 | B11: ChatGPT R2 | C11: Spoofing | D11: =COUNTIFS('Scenario 1 Raw'!$B$6:$B$155,$B11,'Scenario 1 Raw'!$C$6:$C$155,"<>",'Scenario 1 Raw'!$Q$6:$Q$155,"Yes",'Scenario 1 Raw'!$K$6:$K$155,$C11) -> 0 | E11: =IFERROR(D11/COUNTIFS('Scenario 1 Raw'!$B$6:$B$155,$B11,'Scenario 1 Raw'!$C$6:$C$155,"<>",'Scenario 1 Raw'!$Q$6:$Q$155,"Yes"),0) -> 0
A12: Scenario 1 | B12: ChatGPT R2 | C12: Tampering | D12: =COUNTIFS('Scenario 1 Raw'!$B$6:$B$155,$B12,'Scenario 1 Raw'!$C$6:$C$155,"<>",'Scenario 1 Raw'!$Q$6:$Q$155,"Yes",'Scenario 1 Raw'!$K$6:$K$155,$C12) -> 0 | E12: =IFERROR(D12/COUNTIFS('Scenario 1 Raw'!$B$6:$B$155,$B12,'Scenario 1 Raw'!$C$6:$C$155,"<>",'Scenario 1 Raw'!$Q$6:$Q$155,"Yes"),0) -> 0
A13: Scenario 1 | B13: ChatGPT R2 | C13: Repudiation | D13: =COUNTIFS('Scenario 1 Raw'!$B$6:$B$155,$B13,'Scenario 1 Raw'!$C$6:$C$155,"<>",'Scenario 1 Raw'!$Q$6:$Q$155,"Yes",'Scenario 1 Raw'!$K$6:$K$155,$C13) -> 0 | E13: =IFERROR(D13/COUNTIFS('Scenario 1 Raw'!$B$6:$B$155,$B13,'Scenario 1 Raw'!$C$6:$C$155,"<>",'Scenario 1 Raw'!$Q$6:$Q$155,"Yes"),0) -> 0
A14: Scenario 1 | B14: ChatGPT R2 | C14: Information Disclosure | D14: =COUNTIFS('Scenario 1 Raw'!$B$6:$B$155,$B14,'Scenario 1 Raw'!$C$6:$C$155,"<>",'Scenario 1 Raw'!$Q$6:$Q$155,"Yes",'Scenario 1 Raw'!$K$6:$K$155,$C14) -> 0 | E14: =IFERROR(D14/COUNTIFS('Scenario 1 Raw'!$B$6:$B$155,$B14,'Scenario 1 Raw'!$C$6:$C$155,"<>",'Scenario 1 Raw'!$Q$6:$Q$155,"Yes"),0) -> 0
A15: Scenario 1 | B15: ChatGPT R2 | C15: Denial of Service | D15: =COUNTIFS('Scenario 1 Raw'!$B$6:$B$155,$B15,'Scenario 1 Raw'!$C$6:$C$155,"<>",'Scenario 1 Raw'!$Q$6:$Q$155,"Yes",'Scenario 1 Raw'!$K$6:$K$155,$C15) -> 0 | E15: =IFERROR(D15/COUNTIFS('Scenario 1 Raw'!$B$6:$B$155,$B15,'Scenario 1 Raw'!$C$6:$C$155,"<>",'Scenario 1 Raw'!$Q$6:$Q$155,"Yes"),0) -> 0
A16: Scenario 1 | B16: ChatGPT R2 | C16: Elevation of Privilege | D16: =COUNTIFS('Scenario 1 Raw'!$B$6:$B$155,$B16,'Scenario 1 Raw'!$C$6:$C$155,"<>",'Scenario 1 Raw'!$Q$6:$Q$155,"Yes",'Scenario 1 Raw'!$K$6:$K$155,$C16) -> 0 | E16: =IFERROR(D16/COUNTIFS('Scenario 1 Raw'!$B$6:$B$155,$B16,'Scenario 1 Raw'!$C$6:$C$155,"<>",'Scenario 1 Raw'!$Q$6:$Q$155,"Yes"),0) -> 0
... A46: Scenario 1 | B46: Microsoft TMT | C46: Elevation of Privilege | D46: =COUNTIFS('Scenario 1 Raw'!$B$6:$B$155,$B46,'Scenario 1 Raw'!$C$6:$C$155,"<>",'Scenario 1 Raw'!$Q$6:$Q$155,"Yes",'Scenario 1 Raw'!$K$6:$K$155,$C46) -> 0 | E46: =IFERROR(D46/COUNTIFS('Scenario 1 Raw'!$B$6:$B$155,$B46,'Scenario 1 Raw'!$C$6:$C$155,"<>",'Scenario 1 Raw'!$Q$6:$Q$155,"Yes"),0) -> 0
A47: Scenario 2 | B47: ChatGPT R1 | C47: Spoofing | D47: =COUNTIFS('Scenario 2 Raw'!$B$6:$B$155,$B47,'Scenario 2 Raw'!$C$6:$C$155,"<>",'Scenario 2 Raw'!$Q$6:$Q$155,"Yes",'Scenario 2 Raw'!$K$6:$K$155,$C47) -> 0 | E47: =IFERROR(D47/COUNTIFS('Scenario 2 Raw'!$B$6:$B$155,$B47,'Scenario 2 Raw'!$C$6:$C$155,"<>",'Scenario 2 Raw'!$Q$6:$Q$155,"Yes"),0) -> 0
A48: Scenario 2 | B48: ChatGPT R1 | C48: Tampering | D48: =COUNTIFS('Scenario 2 Raw'!$B$6:$B$155,$B48,'Scenario 2 Raw'!$C$6:$C$155,"<>",'Scenario 2 Raw'!$Q$6:$Q$155,"Yes",'Scenario 2 Raw'!$K$6:$K$155,$C48) -> 0 | E48: =IFERROR(D48/COUNTIFS('Scenario 2 Raw'!$B$6:$B$155,$B48,'Scenario 2 Raw'!$C$6:$C$155,"<>",'Scenario 2 Raw'!$Q$6:$Q$155,"Yes"),0) -> 0
A49: Scenario 2 | B49: ChatGPT R1 | C49: Repudiation | D49: =COUNTIFS('Scenario 2 Raw'!$B$6:$B$155,$B49,'Scenario 2 Raw'!$C$6:$C$155,"<>",'Scenario 2 Raw'!$Q$6:$Q$155,"Yes",'Scenario 2 Raw'!$K$6:$K$155,$C49) -> 0 | E49: =IFERROR(D49/COUNTIFS('Scenario 2 Raw'!$B$6:$B$155,$B49,'Scenario 2 Raw'!$C$6:$C$155,"<>",'Scenario 2 Raw'!$Q$6:$Q$155,"Yes"),0) -> 0
A50: Scenario 2 | B50: ChatGPT R1 | C50: Information Disclosure | D50: =COUNTIFS('Scenario 2 Raw'!$B$6:$B$155,$B50,'Scenario 2 Raw'!$C$6:$C$155,"<>",'Scenario 2 Raw'!$Q$6:$Q$155,"Yes",'Scenario 2 Raw'!$K$6:$K$155,$C50) -> 0 | E50: =IFERROR(D50/COUNTIFS('Scenario 2 Raw'!$B$6:$B$155,$B50,'Scenario 2 Raw'!$C$6:$C$155,"<>",'Scenario 2 Raw'!$Q$6:$Q$155,"Yes"),0) -> 0
A51: Scenario 2 | B51: ChatGPT R1 | C51: Denial of Service | D51: =COUNTIFS('Scenario 2 Raw'!$B$6:$B$155,$B51,'Scenario 2 Raw'!$C$6:$C$155,"<>",'Scenario 2 Raw'!$Q$6:$Q$155,"Yes",'Scenario 2 Raw'!$K$6:$K$155,$C51) -> 0 | E51: =IFERROR(D51/COUNTIFS('Scenario 2 Raw'!$B$6:$B$155,$B51,'Scenario 2 Raw'!$C$6:$C$155,"<>",'Scenario 2 Raw'!$Q$6:$Q$155,"Yes"),0) -> 0
A52: Scenario 2 | B52: ChatGPT R1 | C52: Elevation of Privilege | D52: =COUNTIFS('Scenario 2 Raw'!$B$6:$B$155,$B52,'Scenario 2 Raw'!$C$6:$C$155,"<>",'Scenario 2 Raw'!$Q$6:$Q$155,"Yes",'Scenario 2 Raw'!$K$6:$K$155,$C52) -> 0 | E52: =IFERROR(D52/COUNTIFS('Scenario 2 Raw'!$B$6:$B$155,$B52,'Scenario 2 Raw'!$C$6:$C$155,"<>",'Scenario 2 Raw'!$Q$6:$Q$155,"Yes"),0) -> 0
A53: Scenario 2 | B53: ChatGPT R2 | C53: Spoofing | D53: =COUNTIFS('Scenario 2 Raw'!$B$6:$B$155,$B53,'Scenario 2 Raw'!$C$6:$C$155,"<>",'Scenario 2 Raw'!$Q$6:$Q$155,"Yes",'Scenario 2 Raw'!$K$6:$K$155,$C53) -> 0 | E53: =IFERROR(D53/COUNTIFS('Scenario 2 Raw'!$B$6:$B$155,$B53,'Scenario 2 Raw'!$C$6:$C$155,"<>",'Scenario 2 Raw'!$Q$6:$Q$155,"Yes"),0) -> 0
A54: Scenario 2 | B54: ChatGPT R2 | C54: Tampering | D54: =COUNTIFS('Scenario 2 Raw'!$B$6:$B$155,$B54,'Scenario 2 Raw'!$C$6:$C$155,"<>",'Scenario 2 Raw'!$Q$6:$Q$155,"Yes",'Scenario 2 Raw'!$K$6:$K$155,$C54) -> 0 | E54: =IFERROR(D54/COUNTIFS('Scenario 2 Raw'!$B$6:$B$155,$B54,'Scenario 2 Raw'!$C$6:$C$155,"<>",'Scenario 2 Raw'!$Q$6:$Q$155,"Yes"),0) -> 0
A55: Scenario 2 | B55: ChatGPT R2 | C55: Repudiation | D55: =COUNTIFS('Scenario 2 Raw'!$B$6:$B$155,$B55,'Scenario 2 Raw'!$C$6:$C$155,"<>",'Scenario 2 Raw'!$Q$6:$Q$155,"Yes",'Scenario 2 Raw'!$K$6:$K$155,$C55) -> 0 | E55: =IFERROR(D55/COUNTIFS('Scenario 2 Raw'!$B$6:$B$155,$B55,'Scenario 2 Raw'!$C$6:$C$155,"<>",'Scenario 2 Raw'!$Q$6:$Q$155,"Yes"),0) -> 0
A56: Scenario 2 | B56: ChatGPT R2 | C56: Information Disclosure | D56: =COUNTIFS('Scenario 2 Raw'!$B$6:$B$155,$B56,'Scenario 2 Raw'!$C$6:$C$155,"<>",'Scenario 2 Raw'!$Q$6:$Q$155,"Yes",'Scenario 2 Raw'!$K$6:$K$155,$C56) -> 0 | E56: =IFERROR(D56/COUNTIFS('Scenario 2 Raw'!$B$6:$B$155,$B56,'Scenario 2 Raw'!$C$6:$C$155,"<>",'Scenario 2 Raw'!$Q$6:$Q$155,"Yes"),0) -> 0
A57: Scenario 2 | B57: ChatGPT R2 | C57: Denial of Service | D57: =COUNTIFS('Scenario 2 Raw'!$B$6:$B$155,$B57,'Scenario 2 Raw'!$C$6:$C$155,"<>",'Scenario 2 Raw'!$Q$6:$Q$155,"Yes",'Scenario 2 Raw'!$K$6:$K$155,$C57) -> 0 | E57: =IFERROR(D57/COUNTIFS('Scenario 2 Raw'!$B$6:$B$155,$B57,'Scenario 2 Raw'!$C$6:$C$155,"<>",'Scenario 2 Raw'!$Q$6:$Q$155,"Yes"),0) -> 0
A58: Scenario 2 | B58: ChatGPT R2 | C58: Elevation of Privilege | D58: =COUNTIFS('Scenario 2 Raw'!$B$6:$B$155,$B58,'Scenario 2 Raw'!$C$6:$C$155,"<>",'Scenario 2 Raw'!$Q$6:$Q$155,"Yes",'Scenario 2 Raw'!$K$6:$K$155,$C58) -> 0 | E58: =IFERROR(D58/COUNTIFS('Scenario 2 Raw'!$B$6:$B$155,$B58,'Scenario 2 Raw'!$C$6:$C$155,"<>",'Scenario 2 Raw'!$Q$6:$Q$155,"Yes"),0) -> 0
... A88: Scenario 2 | B88: Microsoft TMT | C88: Elevation of Privilege | D88: =COUNTIFS('Scenario 2 Raw'!$B$6:$B$155,$B88,'Scenario 2 Raw'!$C$6:$C$155,"<>",'Scenario 2 Raw'!$Q$6:$Q$155,"Yes",'Scenario 2 Raw'!$K$6:$K$155,$C88) -> 0 | E88: =IFERROR(D88/COUNTIFS('Scenario 2 Raw'!$B$6:$B$155,$B88,'Scenario 2 Raw'!$C$6:$C$155,"<>",'Scenario 2 Raw'!$Q$6:$Q$155,"Yes"),0) -> 0
A89: Scenario 3 | B89: ChatGPT R1 | C89: Spoofing | D89: =COUNTIFS('Scenario 3 Raw'!$B$6:$B$155,$B89,'Scenario 3 Raw'!$C$6:$C$155,"<>",'Scenario 3 Raw'!$Q$6:$Q$155,"Yes",'Scenario 3 Raw'!$K$6:$K$155,$C89) -> 0 | E89: =IFERROR(D89/COUNTIFS('Scenario 3 Raw'!$B$6:$B$155,$B89,'Scenario 3 Raw'!$C$6:$C$155,"<>",'Scenario 3 Raw'!$Q$6:$Q$155,"Yes"),0) -> 0
A90: Scenario 3 | B90: ChatGPT R1 | C90: Tampering | D90: =COUNTIFS('Scenario 3 Raw'!$B$6:$B$155,$B90,'Scenario 3 Raw'!$C$6:$C$155,"<>",'Scenario 3 Raw'!$Q$6:$Q$155,"Yes",'Scenario 3 Raw'!$K$6:$K$155,$C90) -> 0 | E90: =IFERROR(D90/COUNTIFS('Scenario 3 Raw'!$B$6:$B$155,$B90,'Scenario 3 Raw'!$C$6:$C$155,"<>",'Scenario 3 Raw'!$Q$6:$Q$155,"Yes"),0) -> 0
A91: Scenario 3 | B91: ChatGPT R1 | C91: Repudiation | D91: =COUNTIFS('Scenario 3 Raw'!$B$6:$B$155,$B91,'Scenario 3 Raw'!$C$6:$C$155,"<>",'Scenario 3 Raw'!$Q$6:$Q$155,"Yes",'Scenario 3 Raw'!$K$6:$K$155,$C91) -> 0 | E91: =IFERROR(D91/COUNTIFS('Scenario 3 Raw'!$B$6:$B$155,$B91,'Scenario 3 Raw'!$C$6:$C$155,"<>",'Scenario 3 Raw'!$Q$6:$Q$155,"Yes"),0) -> 0
A92: Scenario 3 | B92: ChatGPT R1 | C92: Information Disclosure | D92: =COUNTIFS('Scenario 3 Raw'!$B$6:$B$155,$B92,'Scenario 3 Raw'!$C$6:$C$155,"<>",'Scenario 3 Raw'!$Q$6:$Q$155,"Yes",'Scenario 3 Raw'!$K$6:$K$155,$C92) -> 0 | E92: =IFERROR(D92/COUNTIFS('Scenario 3 Raw'!$B$6:$B$155,$B92,'Scenario 3 Raw'!$C$6:$C$155,"<>",'Scenario 3 Raw'!$Q$6:$Q$155,"Yes"),0) -> 0
A93: Scenario 3 | B93: ChatGPT R1 | C93: Denial of Service | D93: =COUNTIFS('Scenario 3 Raw'!$B$6:$B$155,$B93,'Scenario 3 Raw'!$C$6:$C$155,"<>",'Scenario 3 Raw'!$Q$6:$Q$155,"Yes",'Scenario 3 Raw'!$K$6:$K$155,$C93) -> 0 | E93: =IFERROR(D93/COUNTIFS('Scenario 3 Raw'!$B$6:$B$155,$B93,'Scenario 3 Raw'!$C$6:$C$155,"<>",'Scenario 3 Raw'!$Q$6:$Q$155,"Yes"),0) -> 0
A94: Scenario 3 | B94: ChatGPT R1 | C94: Elevation of Privilege | D94: =COUNTIFS('Scenario 3 Raw'!$B$6:$B$155,$B94,'Scenario 3 Raw'!$C$6:$C$155,"<>",'Scenario 3 Raw'!$Q$6:$Q$155,"Yes",'Scenario 3 Raw'!$K$6:$K$155,$C94) -> 0 | E94: =IFERROR(D94/COUNTIFS('Scenario 3 Raw'!$B$6:$B$155,$B94,'Scenario 3 Raw'!$C$6:$C$155,"<>",'Scenario 3 Raw'!$Q$6:$Q$155,"Yes"),0) -> 0
A95: Scenario 3 | B95: ChatGPT R2 | C95: Spoofing | D95: =COUNTIFS('Scenario 3 Raw'!$B$6:$B$155,$B95,'Scenario 3 Raw'!$C$6:$C$155,"<>",'Scenario 3 Raw'!$Q$6:$Q$155,"Yes",'Scenario 3 Raw'!$K$6:$K$155,$C95) -> 0 | E95: =IFERROR(D95/COUNTIFS('Scenario 3 Raw'!$B$6:$B$155,$B95,'Scenario 3 Raw'!$C$6:$C$155,"<>",'Scenario 3 Raw'!$Q$6:$Q$155,"Yes"),0) -> 0
A96: Scenario 3 | B96: ChatGPT R2 | C96: Tampering | D96: =COUNTIFS('Scenario 3 Raw'!$B$6:$B$155,$B96,'Scenario 3 Raw'!$C$6:$C$155,"<>",'Scenario 3 Raw'!$Q$6:$Q$155,"Yes",'Scenario 3 Raw'!$K$6:$K$155,$C96) -> 0 | E96: =IFERROR(D96/COUNTIFS('Scenario 3 Raw'!$B$6:$B$155,$B96,'Scenario 3 Raw'!$C$6:$C$155,"<>",'Scenario 3 Raw'!$Q$6:$Q$155,"Yes"),0) -> 0
A97: Scenario 3 | B97: ChatGPT R2 | C97: Repudiation | D97: =COUNTIFS('Scenario 3 Raw'!$B$6:$B$155,$B97,'Scenario 3 Raw'!$C$6:$C$155,"<>",'Scenario 3 Raw'!$Q$6:$Q$155,"Yes",'Scenario 3 Raw'!$K$6:$K$155,$C97) -> 0 | E97: =IFERROR(D97/COUNTIFS('Scenario 3 Raw'!$B$6:$B$155,$B97,'Scenario 3 Raw'!$C$6:$C$155,"<>",'Scenario 3 Raw'!$Q$6:$Q$155,"Yes"),0) -> 0
A98: Scenario 3 | B98: ChatGPT R2 | C98: Information Disclosure | D98: =COUNTIFS('Scenario 3 Raw'!$B$6:$B$155,$B98,'Scenario 3 Raw'!$C$6:$C$155,"<>",'Scenario 3 Raw'!$Q$6:$Q$155,"Yes",'Scenario 3 Raw'!$K$6:$K$155,$C98) -> 0 | E98: =IFERROR(D98/COUNTIFS('Scenario 3 Raw'!$B$6:$B$155,$B98,'Scenario 3 Raw'!$C$6:$C$155,"<>",'Scenario 3 Raw'!$Q$6:$Q$155,"Yes"),0) -> 0
A99: Scenario 3 | B99: ChatGPT R2 | C99: Denial of Service | D99: =COUNTIFS('Scenario 3 Raw'!$B$6:$B$155,$B99,'Scenario 3 Raw'!$C$6:$C$155,"<>",'Scenario 3 Raw'!$Q$6:$Q$155,"Yes",'Scenario 3 Raw'!$K$6:$K$155,$C99) -> 0 | E99: =IFERROR(D99/COUNTIFS('Scenario 3 Raw'!$B$6:$B$155,$B99,'Scenario 3 Raw'!$C$6:$C$155,"<>",'Scenario 3 Raw'!$Q$6:$Q$155,"Yes"),0) -> 0
A100: Scenario 3 | B100: ChatGPT R2 | C100: Elevation of Privilege | D100: =COUNTIFS('Scenario 3 Raw'!$B$6:$B$155,$B100,'Scenario 3 Raw'!$C$6:$C$155,"<>",'Scenario 3 Raw'!$Q$6:$Q$155,"Yes",'Scenario 3 Raw'!$K$6:$K$155,$C100) -> 0 | E100: =IFERROR(D100/COUNTIFS('Scenario 3 Raw'!$B$6:$B$155,$B100,'Scenario 3 Raw'!$C$6:$C$155,"<>",'Scenario 3 Raw'!$Q$6:$Q$155,"Yes"),0) -> 0
... A130: Scenario 3 | B130: Microsoft TMT | C130: Elevation of Privilege | D130: =COUNTIFS('Scenario 3 Raw'!$B$6:$B$155,$B130,'Scenario 3 Raw'!$C$6:$C$155,"<>",'Scenario 3 Raw'!$Q$6:$Q$155,"Yes",'Scenario 3 Raw'!$K$6:$K$155,$C130) -> 0 | E130: =IFERROR(D130/COUNTIFS('Scenario 3 Raw'!$B$6:$B$155,$B130,'Scenario 3 Raw'!$C$6:$C$155,"<>",'Scenario 3 Raw'!$Q$6:$Q$155,"Yes"),0) -> 0

Sheet LLM Coverage
A1: LLM-Specific Coverage
A2: Use this to compare LLM-related threat coverage across ChatGPT, Llama, ThreMoLIA and the two DFD tools. Included findings only.
A4: Scenario | B4: Approach | C4: LLM theme | D4: Included findings | E4: Share of approach LLM findings | F4: Interpretive note (manual)
A5: Scenario 1 | B5: ChatGPT R1 | C5: Prompt injection | D5: =COUNTIFS('Scenario 1 Raw'!$B$6:$B$155,$B5,'Scenario 1 Raw'!$C$6:$C$155,"<>",'Scenario 1 Raw'!$Q$6:$Q$155,"Yes",'Scenario 1 Raw'!$M$6:$M$155,"Yes",'Scenario 1 Raw'!$N$6:$N$155,$C5) -> 0 | E5: =IFERROR(D5/COUNTIFS('Scenario 1 Raw'!$B$6:$B$155,$B5,'Scenario 1 Raw'!$C$6:$C$155,"<>",'Scenario 1 Raw'!$Q$6:$Q$155,"Yes",'Scenario 1 Raw'!$M$6:$M$155,"Yes"),0) -> 0
A6: Scenario 1 | B6: ChatGPT R1 | C6: Insecure output handling | D6: =COUNTIFS('Scenario 1 Raw'!$B$6:$B$155,$B6,'Scenario 1 Raw'!$C$6:$C$155,"<>",'Scenario 1 Raw'!$Q$6:$Q$155,"Yes",'Scenario 1 Raw'!$M$6:$M$155,"Yes",'Scenario 1 Raw'!$N$6:$N$155,$C6) -> 0 | E6: =IFERROR(D6/COUNTIFS('Scenario 1 Raw'!$B$6:$B$155,$B6,'Scenario 1 Raw'!$C$6:$C$155,"<>",'Scenario 1 Raw'!$Q$6:$Q$155,"Yes",'Scenario 1 Raw'!$M$6:$M$155,"Yes"),0) -> 0
A7: Scenario 1 | B7: ChatGPT R1 | C7: Sensitive data disclosure | D7: =COUNTIFS('Scenario 1 Raw'!$B$6:$B$155,$B7,'Scenario 1 Raw'!$C$6:$C$155,"<>",'Scenario 1 Raw'!$Q$6:$Q$155,"Yes",'Scenario 1 Raw'!$M$6:$M$155,"Yes",'Scenario 1 Raw'!$N$6:$N$155,$C7) -> 0 | E7: =IFERROR(D7/COUNTIFS('Scenario 1 Raw'!$B$6:$B$155,$B7,'Scenario 1 Raw'!$C$6:$C$155,"<>",'Scenario 1 Raw'!$Q$6:$Q$155,"Yes",'Scenario 1 Raw'!$M$6:$M$155,"Yes"),0) -> 0
A8: Scenario 1 | B8: ChatGPT R1 | C8: Third-party LLM exposure | D8: =COUNTIFS('Scenario 1 Raw'!$B$6:$B$155,$B8,'Scenario 1 Raw'!$C$6:$C$155,"<>",'Scenario 1 Raw'!$Q$6:$Q$155,"Yes",'Scenario 1 Raw'!$M$6:$M$155,"Yes",'Scenario 1 Raw'!$N$6:$N$155,$C8) -> 0 | E8: =IFERROR(D8/COUNTIFS('Scenario 1 Raw'!$B$6:$B$155,$B8,'Scenario 1 Raw'!$C$6:$C$155,"<>",'Scenario 1 Raw'!$Q$6:$Q$155,"Yes",'Scenario 1 Raw'!$M$6:$M$155,"Yes"),0) -> 0
A9: Scenario 1 | B9: ChatGPT R1 | C9: Model / service denial of service | D9: =COUNTIFS('Scenario 1 Raw'!$B$6:$B$155,$B9,'Scenario 1 Raw'!$C$6:$C$155,"<>",'Scenario 1 Raw'!$Q$6:$Q$155,"Yes",'Scenario 1 Raw'!$M$6:$M$155,"Yes",'Scenario 1 Raw'!$N$6:$N$155,$C9) -> 0 | E9: =IFERROR(D9/COUNTIFS('Scenario 1 Raw'!$B$6:$B$155,$B9,'Scenario 1 Raw'!$C$6:$C$155,"<>",'Scenario 1 Raw'!$Q$6:$Q$155,"Yes",'Scenario 1 Raw'!$M$6:$M$155,"Yes"),0) -> 0
A10: Scenario 1 | B10: ChatGPT R1 | C10: Knowledge-base or supply-chain poisoning | D10: =COUNTIFS('Scenario 1 Raw'!$B$6:$B$155,$B10,'Scenario 1 Raw'!$C$6:$C$155,"<>",'Scenario 1 Raw'!$Q$6:$Q$155,"Yes",'Scenario 1 Raw'!$M$6:$M$155,"Yes",'Scenario 1 Raw'!$N$6:$N$155,$C10) -> 0 | E10: =IFERROR(D10/COUNTIFS('Scenario 1 Raw'!$B$6:$B$155,$B10,'Scenario 1 Raw'!$C$6:$C$155,"<>",'Scenario 1 Raw'!$Q$6:$Q$155,"Yes",'Scenario 1 Raw'!$M$6:$M$155,"Yes"),0) -> 0
A11: Scenario 1 | B11: ChatGPT R1 | C11: LLM authorization / context isolation | D11: =COUNTIFS('Scenario 1 Raw'!$B$6:$B$155,$B11,'Scenario 1 Raw'!$C$6:$C$155,"<>",'Scenario 1 Raw'!$Q$6:$Q$155,"Yes",'Scenario 1 Raw'!$M$6:$M$155,"Yes",'Scenario 1 Raw'!$N$6:$N$155,$C11) -> 0 | E11: =IFERROR(D11/COUNTIFS('Scenario 1 Raw'!$B$6:$B$155,$B11,'Scenario 1 Raw'!$C$6:$C$155,"<>",'Scenario 1 Raw'!$Q$6:$Q$155,"Yes",'Scenario 1 Raw'!$M$6:$M$155,"Yes"),0) -> 0
A12: Scenario 1 | B12: ChatGPT R2 | C12: Prompt injection | D12: =COUNTIFS('Scenario 1 Raw'!$B$6:$B$155,$B12,'Scenario 1 Raw'!$C$6:$C$155,"<>",'Scenario 1 Raw'!$Q$6:$Q$155,"Yes",'Scenario 1 Raw'!$M$6:$M$155,"Yes",'Scenario 1 Raw'!$N$6:$N$155,$C12) -> 0 | E12: =IFERROR(D12/COUNTIFS('Scenario 1 Raw'!$B$6:$B$155,$B12,'Scenario 1 Raw'!$C$6:$C$155,"<>",'Scenario 1 Raw'!$Q$6:$Q$155,"Yes",'Scenario 1 Raw'!$M$6:$M$155,"Yes"),0) -> 0
A13: Scenario 1 | B13: ChatGPT R2 | C13: Insecure output handling | D13: =COUNTIFS('Scenario 1 Raw'!$B$6:$B$155,$B13,'Scenario 1 Raw'!$C$6:$C$155,"<>",'Scenario 1 Raw'!$Q$6:$Q$155,"Yes",'Scenario 1 Raw'!$M$6:$M$155,"Yes",'Scenario 1 Raw'!$N$6:$N$155,$C13) -> 0 | E13: =IFERROR(D13/COUNTIFS('Scenario 1 Raw'!$B$6:$B$155,$B13,'Scenario 1 Raw'!$C$6:$C$155,"<>",'Scenario 1 Raw'!$Q$6:$Q$155,"Yes",'Scenario 1 Raw'!$M$6:$M$155,"Yes"),0) -> 0
A14: Scenario 1 | B14: ChatGPT R2 | C14: Sensitive data disclosure | D14: =COUNTIFS('Scenario 1 Raw'!$B$6:$B$155,$B14,'Scenario 1 Raw'!$C$6:$C$155,"<>",'Scenario 1 Raw'!$Q$6:$Q$155,"Yes",'Scenario 1 Raw'!$M$6:$M$155,"Yes",'Scenario 1 Raw'!$N$6:$N$155,$C14) -> 0 | E14: =IFERROR(D14/COUNTIFS('Scenario 1 Raw'!$B$6:$B$155,$B14,'Scenario 1 Raw'!$C$6:$C$155,"<>",'Scenario 1 Raw'!$Q$6:$Q$155,"Yes",'Scenario 1 Raw'!$M$6:$M$155,"Yes"),0) -> 0
A15: Scenario 1 | B15: ChatGPT R2 | C15: Third-party LLM exposure | D15: =COUNTIFS('Scenario 1 Raw'!$B$6:$B$155,$B15,'Scenario 1 Raw'!$C$6:$C$155,"<>",'Scenario 1 Raw'!$Q$6:$Q$155,"Yes",'Scenario 1 Raw'!$M$6:$M$155,"Yes",'Scenario 1 Raw'!$N$6:$N$155,$C15) -> 0 | E15: =IFERROR(D15/COUNTIFS('Scenario 1 Raw'!$B$6:$B$155,$B15,'Scenario 1 Raw'!$C$6:$C$155,"<>",'Scenario 1 Raw'!$Q$6:$Q$155,"Yes",'Scenario 1 Raw'!$M$6:$M$155,"Yes"),0) -> 0
A16: Scenario 1 | B16: ChatGPT R2 | C16: Model / service denial of service | D16: =COUNTIFS('Scenario 1 Raw'!$B$6:$B$155,$B16,'Scenario 1 Raw'!$C$6:$C$155,"<>",'Scenario 1 Raw'!$Q$6:$Q$155,"Yes",'Scenario 1 Raw'!$M$6:$M$155,"Yes",'Scenario 1 Raw'!$N$6:$N$155,$C16) -> 0 | E16: =IFERROR(D16/COUNTIFS('Scenario 1 Raw'!$B$6:$B$155,$B16,'Scenario 1 Raw'!$C$6:$C$155,"<>",'Scenario 1 Raw'!$Q$6:$Q$155,"Yes",'Scenario 1 Raw'!$M$6:$M$155,"Yes"),0) -> 0
... A53: Scenario 1 | B53: Microsoft TMT | C53: LLM authorization / context isolation | D53: =COUNTIFS('Scenario 1 Raw'!$B$6:$B$155,$B53,'Scenario 1 Raw'!$C$6:$C$155,"<>",'Scenario 1 Raw'!$Q$6:$Q$155,"Yes",'Scenario 1 Raw'!$M$6:$M$155,"Yes",'Scenario 1 Raw'!$N$6:$N$155,$C53) -> 0 | E53: =IFERROR(D53/COUNTIFS('Scenario 1 Raw'!$B$6:$B$155,$B53,'Scenario 1 Raw'!$C$6:$C$155,"<>",'Scenario 1 Raw'!$Q$6:$Q$155,"Yes",'Scenario 1 Raw'!$M$6:$M$155,"Yes"),0) -> 0
A54: Scenario 2 | B54: ChatGPT R1 | C54: Prompt injection | D54: =COUNTIFS('Scenario 2 Raw'!$B$6:$B$155,$B54,'Scenario 2 Raw'!$C$6:$C$155,"<>",'Scenario 2 Raw'!$Q$6:$Q$155,"Yes",'Scenario 2 Raw'!$M$6:$M$155,"Yes",'Scenario 2 Raw'!$N$6:$N$155,$C54) -> 0 | E54: =IFERROR(D54/COUNTIFS('Scenario 2 Raw'!$B$6:$B$155,$B54,'Scenario 2 Raw'!$C$6:$C$155,"<>",'Scenario 2 Raw'!$Q$6:$Q$155,"Yes",'Scenario 2 Raw'!$M$6:$M$155,"Yes"),0) -> 0
A55: Scenario 2 | B55: ChatGPT R1 | C55: Insecure output handling | D55: =COUNTIFS('Scenario 2 Raw'!$B$6:$B$155,$B55,'Scenario 2 Raw'!$C$6:$C$155,"<>",'Scenario 2 Raw'!$Q$6:$Q$155,"Yes",'Scenario 2 Raw'!$M$6:$M$155,"Yes",'Scenario 2 Raw'!$N$6:$N$155,$C55) -> 0 | E55: =IFERROR(D55/COUNTIFS('Scenario 2 Raw'!$B$6:$B$155,$B55,'Scenario 2 Raw'!$C$6:$C$155,"<>",'Scenario 2 Raw'!$Q$6:$Q$155,"Yes",'Scenario 2 Raw'!$M$6:$M$155,"Yes"),0) -> 0
A56: Scenario 2 | B56: ChatGPT R1 | C56: Sensitive data disclosure | D56: =COUNTIFS('Scenario 2 Raw'!$B$6:$B$155,$B56,'Scenario 2 Raw'!$C$6:$C$155,"<>",'Scenario 2 Raw'!$Q$6:$Q$155,"Yes",'Scenario 2 Raw'!$M$6:$M$155,"Yes",'Scenario 2 Raw'!$N$6:$N$155,$C56) -> 0 | E56: =IFERROR(D56/COUNTIFS('Scenario 2 Raw'!$B$6:$B$155,$B56,'Scenario 2 Raw'!$C$6:$C$155,"<>",'Scenario 2 Raw'!$Q$6:$Q$155,"Yes",'Scenario 2 Raw'!$M$6:$M$155,"Yes"),0) -> 0
A57: Scenario 2 | B57: ChatGPT R1 | C57: Third-party LLM exposure | D57: =COUNTIFS('Scenario 2 Raw'!$B$6:$B$155,$B57,'Scenario 2 Raw'!$C$6:$C$155,"<>",'Scenario 2 Raw'!$Q$6:$Q$155,"Yes",'Scenario 2 Raw'!$M$6:$M$155,"Yes",'Scenario 2 Raw'!$N$6:$N$155,$C57) -> 0 | E57: =IFERROR(D57/COUNTIFS('Scenario 2 Raw'!$B$6:$B$155,$B57,'Scenario 2 Raw'!$C$6:$C$155,"<>",'Scenario 2 Raw'!$Q$6:$Q$155,"Yes",'Scenario 2 Raw'!$M$6:$M$155,"Yes"),0) -> 0
A58: Scenario 2 | B58: ChatGPT R1 | C58: Model / service denial of service | D58: =COUNTIFS('Scenario 2 Raw'!$B$6:$B$155,$B58,'Scenario 2 Raw'!$C$6:$C$155,"<>",'Scenario 2 Raw'!$Q$6:$Q$155,"Yes",'Scenario 2 Raw'!$M$6:$M$155,"Yes",'Scenario 2 Raw'!$N$6:$N$155,$C58) -> 0 | E58: =IFERROR(D58/COUNTIFS('Scenario 2 Raw'!$B$6:$B$155,$B58,'Scenario 2 Raw'!$C$6:$C$155,"<>",'Scenario 2 Raw'!$Q$6:$Q$155,"Yes",'Scenario 2 Raw'!$M$6:$M$155,"Yes"),0) -> 0
A59: Scenario 2 | B59: ChatGPT R1 | C59: Knowledge-base or supply-chain poisoning | D59: =COUNTIFS('Scenario 2 Raw'!$B$6:$B$155,$B59,'Scenario 2 Raw'!$C$6:$C$155,"<>",'Scenario 2 Raw'!$Q$6:$Q$155,"Yes",'Scenario 2 Raw'!$M$6:$M$155,"Yes",'Scenario 2 Raw'!$N$6:$N$155,$C59) -> 0 | E59: =IFERROR(D59/COUNTIFS('Scenario 2 Raw'!$B$6:$B$155,$B59,'Scenario 2 Raw'!$C$6:$C$155,"<>",'Scenario 2 Raw'!$Q$6:$Q$155,"Yes",'Scenario 2 Raw'!$M$6:$M$155,"Yes"),0) -> 0
A60: Scenario 2 | B60: ChatGPT R1 | C60: LLM authorization / context isolation | D60: =COUNTIFS('Scenario 2 Raw'!$B$6:$B$155,$B60,'Scenario 2 Raw'!$C$6:$C$155,"<>",'Scenario 2 Raw'!$Q$6:$Q$155,"Yes",'Scenario 2 Raw'!$M$6:$M$155,"Yes",'Scenario 2 Raw'!$N$6:$N$155,$C60) -> 0 | E60: =IFERROR(D60/COUNTIFS('Scenario 2 Raw'!$B$6:$B$155,$B60,'Scenario 2 Raw'!$C$6:$C$155,"<>",'Scenario 2 Raw'!$Q$6:$Q$155,"Yes",'Scenario 2 Raw'!$M$6:$M$155,"Yes"),0) -> 0
A61: Scenario 2 | B61: ChatGPT R2 | C61: Prompt injection | D61: =COUNTIFS('Scenario 2 Raw'!$B$6:$B$155,$B61,'Scenario 2 Raw'!$C$6:$C$155,"<>",'Scenario 2 Raw'!$Q$6:$Q$155,"Yes",'Scenario 2 Raw'!$M$6:$M$155,"Yes",'Scenario 2 Raw'!$N$6:$N$155,$C61) -> 0 | E61: =IFERROR(D61/COUNTIFS('Scenario 2 Raw'!$B$6:$B$155,$B61,'Scenario 2 Raw'!$C$6:$C$155,"<>",'Scenario 2 Raw'!$Q$6:$Q$155,"Yes",'Scenario 2 Raw'!$M$6:$M$155,"Yes"),0) -> 0
A62: Scenario 2 | B62: ChatGPT R2 | C62: Insecure output handling | D62: =COUNTIFS('Scenario 2 Raw'!$B$6:$B$155,$B62,'Scenario 2 Raw'!$C$6:$C$155,"<>",'Scenario 2 Raw'!$Q$6:$Q$155,"Yes",'Scenario 2 Raw'!$M$6:$M$155,"Yes",'Scenario 2 Raw'!$N$6:$N$155,$C62) -> 0 | E62: =IFERROR(D62/COUNTIFS('Scenario 2 Raw'!$B$6:$B$155,$B62,'Scenario 2 Raw'!$C$6:$C$155,"<>",'Scenario 2 Raw'!$Q$6:$Q$155,"Yes",'Scenario 2 Raw'!$M$6:$M$155,"Yes"),0) -> 0
A63: Scenario 2 | B63: ChatGPT R2 | C63: Sensitive data disclosure | D63: =COUNTIFS('Scenario 2 Raw'!$B$6:$B$155,$B63,'Scenario 2 Raw'!$C$6:$C$155,"<>",'Scenario 2 Raw'!$Q$6:$Q$155,"Yes",'Scenario 2 Raw'!$M$6:$M$155,"Yes",'Scenario 2 Raw'!$N$6:$N$155,$C63) -> 0 | E63: =IFERROR(D63/COUNTIFS('Scenario 2 Raw'!$B$6:$B$155,$B63,'Scenario 2 Raw'!$C$6:$C$155,"<>",'Scenario 2 Raw'!$Q$6:$Q$155,"Yes",'Scenario 2 Raw'!$M$6:$M$155,"Yes"),0) -> 0
A64: Scenario 2 | B64: ChatGPT R2 | C64: Third-party LLM exposure | D64: =COUNTIFS('Scenario 2 Raw'!$B$6:$B$155,$B64,'Scenario 2 Raw'!$C$6:$C$155,"<>",'Scenario 2 Raw'!$Q$6:$Q$155,"Yes",'Scenario 2 Raw'!$M$6:$M$155,"Yes",'Scenario 2 Raw'!$N$6:$N$155,$C64) -> 0 | E64: =IFERROR(D64/COUNTIFS('Scenario 2 Raw'!$B$6:$B$155,$B64,'Scenario 2 Raw'!$C$6:$C$155,"<>",'Scenario 2 Raw'!$Q$6:$Q$155,"Yes",'Scenario 2 Raw'!$M$6:$M$155,"Yes"),0) -> 0
A65: Scenario 2 | B65: ChatGPT R2 | C65: Model / service denial of service | D65: =COUNTIFS('Scenario 2 Raw'!$B$6:$B$155,$B65,'Scenario 2 Raw'!$C$6:$C$155,"<>",'Scenario 2 Raw'!$Q$6:$Q$155,"Yes",'Scenario 2 Raw'!$M$6:$M$155,"Yes",'Scenario 2 Raw'!$N$6:$N$155,$C65) -> 0 | E65: =IFERROR(D65/COUNTIFS('Scenario 2 Raw'!$B$6:$B$155,$B65,'Scenario 2 Raw'!$C$6:$C$155,"<>",'Scenario 2 Raw'!$Q$6:$Q$155,"Yes",'Scenario 2 Raw'!$M$6:$M$155,"Yes"),0) -> 0
... A102: Scenario 2 | B102: Microsoft TMT | C102: LLM authorization / context isolation | D102: =COUNTIFS('Scenario 2 Raw'!$B$6:$B$155,$B102,'Scenario 2 Raw'!$C$6:$C$155,"<>",'Scenario 2 Raw'!$Q$6:$Q$155,"Yes",'Scenario 2 Raw'!$M$6:$M$155,"Yes",'Scenario 2 Raw'!$N$6:$N$155,$C102) -> 0 | E102: =IFERROR(D102/COUNTIFS('Scenario 2 Raw'!$B$6:$B$155,$B102,'Scenario 2 Raw'!$C$6:$C$155,"<>",'Scenario 2 Raw'!$Q$6:$Q$155,"Yes",'Scenario 2 Raw'!$M$6:$M$155,"Yes"),0) -> 0
A103: Scenario 3 | B103: ChatGPT R1 | C103: Prompt injection | D103: =COUNTIFS('Scenario 3 Raw'!$B$6:$B$155,$B103,'Scenario 3 Raw'!$C$6:$C$155,"<>",'Scenario 3 Raw'!$Q$6:$Q$155,"Yes",'Scenario 3 Raw'!$M$6:$M$155,"Yes",'Scenario 3 Raw'!$N$6:$N$155,$C103) -> 0 | E103: =IFERROR(D103/COUNTIFS('Scenario 3 Raw'!$B$6:$B$155,$B103,'Scenario 3 Raw'!$C$6:$C$155,"<>",'Scenario 3 Raw'!$Q$6:$Q$155,"Yes",'Scenario 3 Raw'!$M$6:$M$155,"Yes"),0) -> 0
A104: Scenario 3 | B104: ChatGPT R1 | C104: Insecure output handling | D104: =COUNTIFS('Scenario 3 Raw'!$B$6:$B$155,$B104,'Scenario 3 Raw'!$C$6:$C$155,"<>",'Scenario 3 Raw'!$Q$6:$Q$155,"Yes",'Scenario 3 Raw'!$M$6:$M$155,"Yes",'Scenario 3 Raw'!$N$6:$N$155,$C104) -> 0 | E104: =IFERROR(D104/COUNTIFS('Scenario 3 Raw'!$B$6:$B$155,$B104,'Scenario 3 Raw'!$C$6:$C$155,"<>",'Scenario 3 Raw'!$Q$6:$Q$155,"Yes",'Scenario 3 Raw'!$M$6:$M$155,"Yes"),0) -> 0
A105: Scenario 3 | B105: ChatGPT R1 | C105: Sensitive data disclosure | D105: =COUNTIFS('Scenario 3 Raw'!$B$6:$B$155,$B105,'Scenario 3 Raw'!$C$6:$C$155,"<>",'Scenario 3 Raw'!$Q$6:$Q$155,"Yes",'Scenario 3 Raw'!$M$6:$M$155,"Yes",'Scenario 3 Raw'!$N$6:$N$155,$C105) -> 0 | E105: =IFERROR(D105/COUNTIFS('Scenario 3 Raw'!$B$6:$B$155,$B105,'Scenario 3 Raw'!$C$6:$C$155,"<>",'Scenario 3 Raw'!$Q$6:$Q$155,"Yes",'Scenario 3 Raw'!$M$6:$M$155,"Yes"),0) -> 0
A106: Scenario 3 | B106: ChatGPT R1 | C106: Third-party LLM exposure | D106: =COUNTIFS('Scenario 3 Raw'!$B$6:$B$155,$B106,'Scenario 3 Raw'!$C$6:$C$155,"<>",'Scenario 3 Raw'!$Q$6:$Q$155,"Yes",'Scenario 3 Raw'!$M$6:$M$155,"Yes",'Scenario 3 Raw'!$N$6:$N$155,$C106) -> 0 | E106: =IFERROR(D106/COUNTIFS('Scenario 3 Raw'!$B$6:$B$155,$B106,'Scenario 3 Raw'!$C$6:$C$155,"<>",'Scenario 3 Raw'!$Q$6:$Q$155,"Yes",'Scenario 3 Raw'!$M$6:$M$155,"Yes"),0) -> 0
A107: Scenario 3 | B107: ChatGPT R1 | C107: Model / service denial of service | D107: =COUNTIFS('Scenario 3 Raw'!$B$6:$B$155,$B107,'Scenario 3 Raw'!$C$6:$C$155,"<>",'Scenario 3 Raw'!$Q$6:$Q$155,"Yes",'Scenario 3 Raw'!$M$6:$M$155,"Yes",'Scenario 3 Raw'!$N$6:$N$155,$C107) -> 0 | E107: =IFERROR(D107/COUNTIFS('Scenario 3 Raw'!$B$6:$B$155,$B107,'Scenario 3 Raw'!$C$6:$C$155,"<>",'Scenario 3 Raw'!$Q$6:$Q$155,"Yes",'Scenario 3 Raw'!$M$6:$M$155,"Yes"),0) -> 0
A108: Scenario 3 | B108: ChatGPT R1 | C108: Knowledge-base or supply-chain poisoning | D108: =COUNTIFS('Scenario 3 Raw'!$B$6:$B$155,$B108,'Scenario 3 Raw'!$C$6:$C$155,"<>",'Scenario 3 Raw'!$Q$6:$Q$155,"Yes",'Scenario 3 Raw'!$M$6:$M$155,"Yes",'Scenario 3 Raw'!$N$6:$N$155,$C108) -> 0 | E108: =IFERROR(D108/COUNTIFS('Scenario 3 Raw'!$B$6:$B$155,$B108,'Scenario 3 Raw'!$C$6:$C$155,"<>",'Scenario 3 Raw'!$Q$6:$Q$155,"Yes",'Scenario 3 Raw'!$M$6:$M$155,"Yes"),0) -> 0
A109: Scenario 3 | B109: ChatGPT R1 | C109: LLM authorization / context isolation | D109: =COUNTIFS('Scenario 3 Raw'!$B$6:$B$155,$B109,'Scenario 3 Raw'!$C$6:$C$155,"<>",'Scenario 3 Raw'!$Q$6:$Q$155,"Yes",'Scenario 3 Raw'!$M$6:$M$155,"Yes",'Scenario 3 Raw'!$N$6:$N$155,$C109) -> 0 | E109: =IFERROR(D109/COUNTIFS('Scenario 3 Raw'!$B$6:$B$155,$B109,'Scenario 3 Raw'!$C$6:$C$155,"<>",'Scenario 3 Raw'!$Q$6:$Q$155,"Yes",'Scenario 3 Raw'!$M$6:$M$155,"Yes"),0) -> 0
A110: Scenario 3 | B110: ChatGPT R2 | C110: Prompt injection | D110: =COUNTIFS('Scenario 3 Raw'!$B$6:$B$155,$B110,'Scenario 3 Raw'!$C$6:$C$155,"<>",'Scenario 3 Raw'!$Q$6:$Q$155,"Yes",'Scenario 3 Raw'!$M$6:$M$155,"Yes",'Scenario 3 Raw'!$N$6:$N$155,$C110) -> 0 | E110: =IFERROR(D110/COUNTIFS('Scenario 3 Raw'!$B$6:$B$155,$B110,'Scenario 3 Raw'!$C$6:$C$155,"<>",'Scenario 3 Raw'!$Q$6:$Q$155,"Yes",'Scenario 3 Raw'!$M$6:$M$155,"Yes"),0) -> 0
A111: Scenario 3 | B111: ChatGPT R2 | C111: Insecure output handling | D111: =COUNTIFS('Scenario 3 Raw'!$B$6:$B$155,$B111,'Scenario 3 Raw'!$C$6:$C$155,"<>",'Scenario 3 Raw'!$Q$6:$Q$155,"Yes",'Scenario 3 Raw'!$M$6:$M$155,"Yes",'Scenario 3 Raw'!$N$6:$N$155,$C111) -> 0 | E111: =IFERROR(D111/COUNTIFS('Scenario 3 Raw'!$B$6:$B$155,$B111,'Scenario 3 Raw'!$C$6:$C$155,"<>",'Scenario 3 Raw'!$Q$6:$Q$155,"Yes",'Scenario 3 Raw'!$M$6:$M$155,"Yes"),0) -> 0
A112: Scenario 3 | B112: ChatGPT R2 | C112: Sensitive data disclosure | D112: =COUNTIFS('Scenario 3 Raw'!$B$6:$B$155,$B112,'Scenario 3 Raw'!$C$6:$C$155,"<>",'Scenario 3 Raw'!$Q$6:$Q$155,"Yes",'Scenario 3 Raw'!$M$6:$M$155,"Yes",'Scenario 3 Raw'!$N$6:$N$155,$C112) -> 0 | E112: =IFERROR(D112/COUNTIFS('Scenario 3 Raw'!$B$6:$B$155,$B112,'Scenario 3 Raw'!$C$6:$C$155,"<>",'Scenario 3 Raw'!$Q$6:$Q$155,"Yes",'Scenario 3 Raw'!$M$6:$M$155,"Yes"),0) -> 0
A113: Scenario 3 | B113: ChatGPT R2 | C113: Third-party LLM exposure | D113: =COUNTIFS('Scenario 3 Raw'!$B$6:$B$155,$B113,'Scenario 3 Raw'!$C$6:$C$155,"<>",'Scenario 3 Raw'!$Q$6:$Q$155,"Yes",'Scenario 3 Raw'!$M$6:$M$155,"Yes",'Scenario 3 Raw'!$N$6:$N$155,$C113) -> 0 | E113: =IFERROR(D113/COUNTIFS('Scenario 3 Raw'!$B$6:$B$155,$B113,'Scenario 3 Raw'!$C$6:$C$155,"<>",'Scenario 3 Raw'!$Q$6:$Q$155,"Yes",'Scenario 3 Raw'!$M$6:$M$155,"Yes"),0) -> 0
A114: Scenario 3 | B114: ChatGPT R2 | C114: Model / service denial of service | D114: =COUNTIFS('Scenario 3 Raw'!$B$6:$B$155,$B114,'Scenario 3 Raw'!$C$6:$C$155,"<>",'Scenario 3 Raw'!$Q$6:$Q$155,"Yes",'Scenario 3 Raw'!$M$6:$M$155,"Yes",'Scenario 3 Raw'!$N$6:$N$155,$C114) -> 0 | E114: =IFERROR(D114/COUNTIFS('Scenario 3 Raw'!$B$6:$B$155,$B114,'Scenario 3 Raw'!$C$6:$C$155,"<>",'Scenario 3 Raw'!$Q$6:$Q$155,"Yes",'Scenario 3 Raw'!$M$6:$M$155,"Yes"),0) -> 0
... A151: Scenario 3 | B151: Microsoft TMT | C151: LLM authorization / context isolation | D151: =COUNTIFS('Scenario 3 Raw'!$B$6:$B$155,$B151,'Scenario 3 Raw'!$C$6:$C$155,"<>",'Scenario 3 Raw'!$Q$6:$Q$155,"Yes",'Scenario 3 Raw'!$M$6:$M$155,"Yes",'Scenario 3 Raw'!$N$6:$N$155,$C151) -> 0 | E151: =IFERROR(D151/COUNTIFS('Scenario 3 Raw'!$B$6:$B$155,$B151,'Scenario 3 Raw'!$C$6:$C$155,"<>",'Scenario 3 Raw'!$Q$6:$Q$155,"Yes",'Scenario 3 Raw'!$M$6:$M$155,"Yes"),0) -> 0

Sheet Architecture Coverage
A1: Architecture / Component Coverage
A2: Counts included findings tied to each named DFD component, across all LLM runs and tools. Enter Scenario 2–3 components before interpreting their results.
A4: Scenario | B4: Component type | C4: DFD component / element | D4: Component purpose / notes | E4: ChatGPT R1 | F4: ChatGPT R2 | G4: Llama R1 | H4: Llama R2 | I4: ThreMoLIA | J4: OWASP Threat Dragon | K4: Microsoft TMT | L4: Covered by # approaches | M4: Comparative observation (manual)
A5: Scenario 1 | B5: External Entity | C5: End User / Browser | D5: User-facing client | E5: =IF(C5="",0,COUNTIFS('Scenario 1 Raw'!$B$6:$B$155,E$4,'Scenario 1 Raw'!$C$6:$C$155,"<>",'Scenario 1 Raw'!$Q$6:$Q$155,"Yes",'Scenario 1 Raw'!$F$6:$F$155,C5)) -> 0 | F5: =IF(C5="",0,COUNTIFS('Scenario 1 Raw'!$B$6:$B$155,F$4,'Scenario 1 Raw'!$C$6:$C$155,"<>",'Scenario 1 Raw'!$Q$6:$Q$155,"Yes",'Scenario 1 Raw'!$F$6:$F$155,C5)) -> 0 | G5: =IF(C5="",0,COUNTIFS('Scenario 1 Raw'!$B$6:$B$155,G$4,'Scenario 1 Raw'!$C$6:$C$155,"<>",'Scenario 1 Raw'!$Q$6:$Q$155,"Yes",'Scenario 1 Raw'!$F$6:$F$155,C5)) -> 0 | H5: =IF(C5="",0,COUNTIFS('Scenario 1 Raw'!$B$6:$B$155,H$4,'Scenario 1 Raw'!$C$6:$C$155,"<>",'Scenario 1 Raw'!$Q$6:$Q$155,"Yes",'Scenario 1 Raw'!$F$6:$F$155,C5)) -> 0 | I5: =IF(C5="",0,COUNTIFS('Scenario 1 Raw'!$B$6:$B$155,I$4,'Scenario 1 Raw'!$C$6:$C$155,"<>",'Scenario 1 Raw'!$Q$6:$Q$155,"Yes",'Scenario 1 Raw'!$F$6:$F$155,C5)) -> 0 | J5: =IF(C5="",0,COUNTIFS('Scenario 1 Raw'!$B$6:$B$155,J$4,'Scenario 1 Raw'!$C$6:$C$155,"<>",'Scenario 1 Raw'!$Q$6:$Q$155,"Yes",'Scenario 1 Raw'!$F$6:$F$155,C5)) -> 0 | K5: =IF(C5="",0,COUNTIFS('Scenario 1 Raw'!$B$6:$B$155,K$4,'Scenario 1 Raw'!$C$6:$C$155,"<>",'Scenario 1 Raw'!$Q$6:$Q$155,"Yes",'Scenario 1 Raw'!$F$6:$F$155,C5)) -> 0 | L5: =COUNTIF(E5:K5,">0") -> 0
A6: Scenario 1 | B6: External Entity | C6: External LLM Provider | D6: Third-party AI service | E6: =IF(C6="",0,COUNTIFS('Scenario 1 Raw'!$B$6:$B$155,E$4,'Scenario 1 Raw'!$C$6:$C$155,"<>",'Scenario 1 Raw'!$Q$6:$Q$155,"Yes",'Scenario 1 Raw'!$F$6:$F$155,C6)) -> 0 | F6: =IF(C6="",0,COUNTIFS('Scenario 1 Raw'!$B$6:$B$155,F$4,'Scenario 1 Raw'!$C$6:$C$155,"<>",'Scenario 1 Raw'!$Q$6:$Q$155,"Yes",'Scenario 1 Raw'!$F$6:$F$155,C6)) -> 0 | G6: =IF(C6="",0,COUNTIFS('Scenario 1 Raw'!$B$6:$B$155,G$4,'Scenario 1 Raw'!$C$6:$C$155,"<>",'Scenario 1 Raw'!$Q$6:$Q$155,"Yes",'Scenario 1 Raw'!$F$6:$F$155,C6)) -> 0 | H6: =IF(C6="",0,COUNTIFS('Scenario 1 Raw'!$B$6:$B$155,H$4,'Scenario 1 Raw'!$C$6:$C$155,"<>",'Scenario 1 Raw'!$Q$6:$Q$155,"Yes",'Scenario 1 Raw'!$F$6:$F$155,C6)) -> 0 | I6: =IF(C6="",0,COUNTIFS('Scenario 1 Raw'!$B$6:$B$155,I$4,'Scenario 1 Raw'!$C$6:$C$155,"<>",'Scenario 1 Raw'!$Q$6:$Q$155,"Yes",'Scenario 1 Raw'!$F$6:$F$155,C6)) -> 0 | J6: =IF(C6="",0,COUNTIFS('Scenario 1 Raw'!$B$6:$B$155,J$4,'Scenario 1 Raw'!$C$6:$C$155,"<>",'Scenario 1 Raw'!$Q$6:$Q$155,"Yes",'Scenario 1 Raw'!$F$6:$F$155,C6)) -> 0 | K6: =IF(C6="",0,COUNTIFS('Scenario 1 Raw'!$B$6:$B$155,K$4,'Scenario 1 Raw'!$C$6:$C$155,"<>",'Scenario 1 Raw'!$Q$6:$Q$155,"Yes",'Scenario 1 Raw'!$F$6:$F$155,C6)) -> 0 | L6: =COUNTIF(E6:K6,">0") -> 0
A7: Scenario 1 | B7: Process | C7: Web Frontend Interface | D7: User interaction and browser-facing application | E7: =IF(C7="",0,COUNTIFS('Scenario 1 Raw'!$B$6:$B$155,E$4,'Scenario 1 Raw'!$C$6:$C$155,"<>",'Scenario 1 Raw'!$Q$6:$Q$155,"Yes",'Scenario 1 Raw'!$F$6:$F$155,C7)) -> 0 | F7: =IF(C7="",0,COUNTIFS('Scenario 1 Raw'!$B$6:$B$155,F$4,'Scenario 1 Raw'!$C$6:$C$155,"<>",'Scenario 1 Raw'!$Q$6:$Q$155,"Yes",'Scenario 1 Raw'!$F$6:$F$155,C7)) -> 0 | G7: =IF(C7="",0,COUNTIFS('Scenario 1 Raw'!$B$6:$B$155,G$4,'Scenario 1 Raw'!$C$6:$C$155,"<>",'Scenario 1 Raw'!$Q$6:$Q$155,"Yes",'Scenario 1 Raw'!$F$6:$F$155,C7)) -> 0 | H7: =IF(C7="",0,COUNTIFS('Scenario 1 Raw'!$B$6:$B$155,H$4,'Scenario 1 Raw'!$C$6:$C$155,"<>",'Scenario 1 Raw'!$Q$6:$Q$155,"Yes",'Scenario 1 Raw'!$F$6:$F$155,C7)) -> 0 | I7: =IF(C7="",0,COUNTIFS('Scenario 1 Raw'!$B$6:$B$155,I$4,'Scenario 1 Raw'!$C$6:$C$155,"<>",'Scenario 1 Raw'!$Q$6:$Q$155,"Yes",'Scenario 1 Raw'!$F$6:$F$155,C7)) -> 0 | J7: =IF(C7="",0,COUNTIFS('Scenario 1 Raw'!$B$6:$B$155,J$4,'Scenario 1 Raw'!$C$6:$C$155,"<>",'Scenario 1 Raw'!$Q$6:$Q$155,"Yes",'Scenario 1 Raw'!$F$6:$F$155,C7)) -> 0 | K7: =IF(C7="",0,COUNTIFS('Scenario 1 Raw'!$B$6:$B$155,K$4,'Scenario 1 Raw'!$C$6:$C$155,"<>",'Scenario 1 Raw'!$Q$6:$Q$155,"Yes",'Scenario 1 Raw'!$F$6:$F$155,C7)) -> 0 | L7: =COUNTIF(E7:K7,">0") -> 0
A8: Scenario 1 | B8: Process | C8: Authentication Service | D8: Credential verification and access decision | E8: =IF(C8="",0,COUNTIFS('Scenario 1 Raw'!$B$6:$B$155,E$4,'Scenario 1 Raw'!$C$6:$C$155,"<>",'Scenario 1 Raw'!$Q$6:$Q$155,"Yes",'Scenario 1 Raw'!$F$6:$F$155,C8)) -> 0 | F8: =IF(C8="",0,COUNTIFS('Scenario 1 Raw'!$B$6:$B$155,F$4,'Scenario 1 Raw'!$C$6:$C$155,"<>",'Scenario 1 Raw'!$Q$6:$Q$155,"Yes",'Scenario 1 Raw'!$F$6:$F$155,C8)) -> 0 | G8: =IF(C8="",0,COUNTIFS('Scenario 1 Raw'!$B$6:$B$155,G$4,'Scenario 1 Raw'!$C$6:$C$155,"<>",'Scenario 1 Raw'!$Q$6:$Q$155,"Yes",'Scenario 1 Raw'!$F$6:$F$155,C8)) -> 0 | H8: =IF(C8="",0,COUNTIFS('Scenario 1 Raw'!$B$6:$B$155,H$4,'Scenario 1 Raw'!$C$6:$C$155,"<>",'Scenario 1 Raw'!$Q$6:$Q$155,"Yes",'Scenario 1 Raw'!$F$6:$F$155,C8)) -> 0 | I8: =IF(C8="",0,COUNTIFS('Scenario 1 Raw'!$B$6:$B$155,I$4,'Scenario 1 Raw'!$C$6:$C$155,"<>",'Scenario 1 Raw'!$Q$6:$Q$155,"Yes",'Scenario 1 Raw'!$F$6:$F$155,C8)) -> 0 | J8: =IF(C8="",0,COUNTIFS('Scenario 1 Raw'!$B$6:$B$155,J$4,'Scenario 1 Raw'!$C$6:$C$155,"<>",'Scenario 1 Raw'!$Q$6:$Q$155,"Yes",'Scenario 1 Raw'!$F$6:$F$155,C8)) -> 0 | K8: =IF(C8="",0,COUNTIFS('Scenario 1 Raw'!$B$6:$B$155,K$4,'Scenario 1 Raw'!$C$6:$C$155,"<>",'Scenario 1 Raw'!$Q$6:$Q$155,"Yes",'Scenario 1 Raw'!$F$6:$F$155,C8)) -> 0 | L8: =COUNTIF(E8:K8,">0") -> 0
A9: Scenario 1 | B9: Process | C9: Session Management Module | D9: Session lifecycle and token handling | E9: =IF(C9="",0,COUNTIFS('Scenario 1 Raw'!$B$6:$B$155,E$4,'Scenario 1 Raw'!$C$6:$C$155,"<>",'Scenario 1 Raw'!$Q$6:$Q$155,"Yes",'Scenario 1 Raw'!$F$6:$F$155,C9)) -> 0 | F9: =IF(C9="",0,COUNTIFS('Scenario 1 Raw'!$B$6:$B$155,F$4,'Scenario 1 Raw'!$C$6:$C$155,"<>",'Scenario 1 Raw'!$Q$6:$Q$155,"Yes",'Scenario 1 Raw'!$F$6:$F$155,C9)) -> 0 | G9: =IF(C9="",0,COUNTIFS('Scenario 1 Raw'!$B$6:$B$155,G$4,'Scenario 1 Raw'!$C$6:$C$155,"<>",'Scenario 1 Raw'!$Q$6:$Q$155,"Yes",'Scenario 1 Raw'!$F$6:$F$155,C9)) -> 0 | H9: =IF(C9="",0,COUNTIFS('Scenario 1 Raw'!$B$6:$B$155,H$4,'Scenario 1 Raw'!$C$6:$C$155,"<>",'Scenario 1 Raw'!$Q$6:$Q$155,"Yes",'Scenario 1 Raw'!$F$6:$F$155,C9)) -> 0 | I9: =IF(C9="",0,COUNTIFS('Scenario 1 Raw'!$B$6:$B$155,I$4,'Scenario 1 Raw'!$C$6:$C$155,"<>",'Scenario 1 Raw'!$Q$6:$Q$155,"Yes",'Scenario 1 Raw'!$F$6:$F$155,C9)) -> 0 | J9: =IF(C9="",0,COUNTIFS('Scenario 1 Raw'!$B$6:$B$155,J$4,'Scenario 1 Raw'!$C$6:$C$155,"<>",'Scenario 1 Raw'!$Q$6:$Q$155,"Yes",'Scenario 1 Raw'!$F$6:$F$155,C9)) -> 0 | K9: =IF(C9="",0,COUNTIFS('Scenario 1 Raw'!$B$6:$B$155,K$4,'Scenario 1 Raw'!$C$6:$C$155,"<>",'Scenario 1 Raw'!$Q$6:$Q$155,"Yes",'Scenario 1 Raw'!$F$6:$F$155,C9)) -> 0 | L9: =COUNTIF(E9:K9,">0") -> 0
A10: Scenario 1 | B10: Process | C10: AI Chatbot Component | D10: Conversational interface | E10: =IF(C10="",0,COUNTIFS('Scenario 1 Raw'!$B$6:$B$155,E$4,'Scenario 1 Raw'!$C$6:$C$155,"<>",'Scenario 1 Raw'!$Q$6:$Q$155,"Yes",'Scenario 1 Raw'!$F$6:$F$155,C10)) -> 0 | F10: =IF(C10="",0,COUNTIFS('Scenario 1 Raw'!$B$6:$B$155,F$4,'Scenario 1 Raw'!$C$6:$C$155,"<>",'Scenario 1 Raw'!$Q$6:$Q$155,"Yes",'Scenario 1 Raw'!$F$6:$F$155,C10)) -> 0 | G10: =IF(C10="",0,COUNTIFS('Scenario 1 Raw'!$B$6:$B$155,G$4,'Scenario 1 Raw'!$C$6:$C$155,"<>",'Scenario 1 Raw'!$Q$6:$Q$155,"Yes",'Scenario 1 Raw'!$F$6:$F$155,C10)) -> 0 | H10: =IF(C10="",0,COUNTIFS('Scenario 1 Raw'!$B$6:$B$155,H$4,'Scenario 1 Raw'!$C$6:$C$155,"<>",'Scenario 1 Raw'!$Q$6:$Q$155,"Yes",'Scenario 1 Raw'!$F$6:$F$155,C10)) -> 0 | I10: =IF(C10="",0,COUNTIFS('Scenario 1 Raw'!$B$6:$B$155,I$4,'Scenario 1 Raw'!$C$6:$C$155,"<>",'Scenario 1 Raw'!$Q$6:$Q$155,"Yes",'Scenario 1 Raw'!$F$6:$F$155,C10)) -> 0 | J10: =IF(C10="",0,COUNTIFS('Scenario 1 Raw'!$B$6:$B$155,J$4,'Scenario 1 Raw'!$C$6:$C$155,"<>",'Scenario 1 Raw'!$Q$6:$Q$155,"Yes",'Scenario 1 Raw'!$F$6:$F$155,C10)) -> 0 | K10: =IF(C10="",0,COUNTIFS('Scenario 1 Raw'!$B$6:$B$155,K$4,'Scenario 1 Raw'!$C$6:$C$155,"<>",'Scenario 1 Raw'!$Q$6:$Q$155,"Yes",'Scenario 1 Raw'!$F$6:$F$155,C10)) -> 0 | L10: =COUNTIF(E10:K10,">0") -> 0
A11: Scenario 1 | B11: Process | C11: LLM Integration Service | D11: Application-to-LLM gateway | E11: =IF(C11="",0,COUNTIFS('Scenario 1 Raw'!$B$6:$B$155,E$4,'Scenario 1 Raw'!$C$6:$C$155,"<>",'Scenario 1 Raw'!$Q$6:$Q$155,"Yes",'Scenario 1 Raw'!$F$6:$F$155,C11)) -> 0 | F11: =IF(C11="",0,COUNTIFS('Scenario 1 Raw'!$B$6:$B$155,F$4,'Scenario 1 Raw'!$C$6:$C$155,"<>",'Scenario 1 Raw'!$Q$6:$Q$155,"Yes",'Scenario 1 Raw'!$F$6:$F$155,C11)) -> 0 | G11: =IF(C11="",0,COUNTIFS('Scenario 1 Raw'!$B$6:$B$155,G$4,'Scenario 1 Raw'!$C$6:$C$155,"<>",'Scenario 1 Raw'!$Q$6:$Q$155,"Yes",'Scenario 1 Raw'!$F$6:$F$155,C11)) -> 0 | H11: =IF(C11="",0,COUNTIFS('Scenario 1 Raw'!$B$6:$B$155,H$4,'Scenario 1 Raw'!$C$6:$C$155,"<>",'Scenario 1 Raw'!$Q$6:$Q$155,"Yes",'Scenario 1 Raw'!$F$6:$F$155,C11)) -> 0 | I11: =IF(C11="",0,COUNTIFS('Scenario 1 Raw'!$B$6:$B$155,I$4,'Scenario 1 Raw'!$C$6:$C$155,"<>",'Scenario 1 Raw'!$Q$6:$Q$155,"Yes",'Scenario 1 Raw'!$F$6:$F$155,C11)) -> 0 | J11: =IF(C11="",0,COUNTIFS('Scenario 1 Raw'!$B$6:$B$155,J$4,'Scenario 1 Raw'!$C$6:$C$155,"<>",'Scenario 1 Raw'!$Q$6:$Q$155,"Yes",'Scenario 1 Raw'!$F$6:$F$155,C11)) -> 0 | K11: =IF(C11="",0,COUNTIFS('Scenario 1 Raw'!$B$6:$B$155,K$4,'Scenario 1 Raw'!$C$6:$C$155,"<>",'Scenario 1 Raw'!$Q$6:$Q$155,"Yes",'Scenario 1 Raw'!$F$6:$F$155,C11)) -> 0 | L11: =COUNTIF(E11:K11,">0") -> 0
A12: Scenario 1 | B12: Data Store | C12: User Database | D12: Account and credential data | E12: =IF(C12="",0,COUNTIFS('Scenario 1 Raw'!$B$6:$B$155,E$4,'Scenario 1 Raw'!$C$6:$C$155,"<>",'Scenario 1 Raw'!$Q$6:$Q$155,"Yes",'Scenario 1 Raw'!$F$6:$F$155,C12)) -> 0 | F12: =IF(C12="",0,COUNTIFS('Scenario 1 Raw'!$B$6:$B$155,F$4,'Scenario 1 Raw'!$C$6:$C$155,"<>",'Scenario 1 Raw'!$Q$6:$Q$155,"Yes",'Scenario 1 Raw'!$F$6:$F$155,C12)) -> 0 | G12: =IF(C12="",0,COUNTIFS('Scenario 1 Raw'!$B$6:$B$155,G$4,'Scenario 1 Raw'!$C$6:$C$155,"<>",'Scenario 1 Raw'!$Q$6:$Q$155,"Yes",'Scenario 1 Raw'!$F$6:$F$155,C12)) -> 0 | H12: =IF(C12="",0,COUNTIFS('Scenario 1 Raw'!$B$6:$B$155,H$4,'Scenario 1 Raw'!$C$6:$C$155,"<>",'Scenario 1 Raw'!$Q$6:$Q$155,"Yes",'Scenario 1 Raw'!$F$6:$F$155,C12)) -> 0 | I12: =IF(C12="",0,COUNTIFS('Scenario 1 Raw'!$B$6:$B$155,I$4,'Scenario 1 Raw'!$C$6:$C$155,"<>",'Scenario 1 Raw'!$Q$6:$Q$155,"Yes",'Scenario 1 Raw'!$F$6:$F$155,C12)) -> 0 | J12: =IF(C12="",0,COUNTIFS('Scenario 1 Raw'!$B$6:$B$155,J$4,'Scenario 1 Raw'!$C$6:$C$155,"<>",'Scenario 1 Raw'!$Q$6:$Q$155,"Yes",'Scenario 1 Raw'!$F$6:$F$155,C12)) -> 0 | K12: =IF(C12="",0,COUNTIFS('Scenario 1 Raw'!$B$6:$B$155,K$4,'Scenario 1 Raw'!$C$6:$C$155,"<>",'Scenario 1 Raw'!$Q$6:$Q$155,"Yes",'Scenario 1 Raw'!$F$6:$F$155,C12)) -> 0 | L12: =COUNTIF(E12:K12,">0") -> 0
A13: Scenario 1 | B13: Data Store | C13: Session Storage | D13: Session state | E13: =IF(C13="",0,COUNTIFS('Scenario 1 Raw'!$B$6:$B$155,E$4,'Scenario 1 Raw'!$C$6:$C$155,"<>",'Scenario 1 Raw'!$Q$6:$Q$155,"Yes",'Scenario 1 Raw'!$F$6:$F$155,C13)) -> 0 | F13: =IF(C13="",0,COUNTIFS('Scenario 1 Raw'!$B$6:$B$155,F$4,'Scenario 1 Raw'!$C$6:$C$155,"<>",'Scenario 1 Raw'!$Q$6:$Q$155,"Yes",'Scenario 1 Raw'!$F$6:$F$155,C13)) -> 0 | G13: =IF(C13="",0,COUNTIFS('Scenario 1 Raw'!$B$6:$B$155,G$4,'Scenario 1 Raw'!$C$6:$C$155,"<>",'Scenario 1 Raw'!$Q$6:$Q$155,"Yes",'Scenario 1 Raw'!$F$6:$F$155,C13)) -> 0 | H13: =IF(C13="",0,COUNTIFS('Scenario 1 Raw'!$B$6:$B$155,H$4,'Scenario 1 Raw'!$C$6:$C$155,"<>",'Scenario 1 Raw'!$Q$6:$Q$155,"Yes",'Scenario 1 Raw'!$F$6:$F$155,C13)) -> 0 | I13: =IF(C13="",0,COUNTIFS('Scenario 1 Raw'!$B$6:$B$155,I$4,'Scenario 1 Raw'!$C$6:$C$155,"<>",'Scenario 1 Raw'!$Q$6:$Q$155,"Yes",'Scenario 1 Raw'!$F$6:$F$155,C13)) -> 0 | J13: =IF(C13="",0,COUNTIFS('Scenario 1 Raw'!$B$6:$B$155,J$4,'Scenario 1 Raw'!$C$6:$C$155,"<>",'Scenario 1 Raw'!$Q$6:$Q$155,"Yes",'Scenario 1 Raw'!$F$6:$F$155,C13)) -> 0 | K13: =IF(C13="",0,COUNTIFS('Scenario 1 Raw'!$B$6:$B$155,K$4,'Scenario 1 Raw'!$C$6:$C$155,"<>",'Scenario 1 Raw'!$Q$6:$Q$155,"Yes",'Scenario 1 Raw'!$F$6:$F$155,C13)) -> 0 | L13: =COUNTIF(E13:K13,">0") -> 0
A14: Scenario 1 | B14: Data Store | C14: Knowledge Base | D14: Chatbot context / source content | E14: =IF(C14="",0,COUNTIFS('Scenario 1 Raw'!$B$6:$B$155,E$4,'Scenario 1 Raw'!$C$6:$C$155,"<>",'Scenario 1 Raw'!$Q$6:$Q$155,"Yes",'Scenario 1 Raw'!$F$6:$F$155,C14)) -> 0 | F14: =IF(C14="",0,COUNTIFS('Scenario 1 Raw'!$B$6:$B$155,F$4,'Scenario 1 Raw'!$C$6:$C$155,"<>",'Scenario 1 Raw'!$Q$6:$Q$155,"Yes",'Scenario 1 Raw'!$F$6:$F$155,C14)) -> 0 | G14: =IF(C14="",0,COUNTIFS('Scenario 1 Raw'!$B$6:$B$155,G$4,'Scenario 1 Raw'!$C$6:$C$155,"<>",'Scenario 1 Raw'!$Q$6:$Q$155,"Yes",'Scenario 1 Raw'!$F$6:$F$155,C14)) -> 0 | H14: =IF(C14="",0,COUNTIFS('Scenario 1 Raw'!$B$6:$B$155,H$4,'Scenario 1 Raw'!$C$6:$C$155,"<>",'Scenario 1 Raw'!$Q$6:$Q$155,"Yes",'Scenario 1 Raw'!$F$6:$F$155,C14)) -> 0 | I14: =IF(C14="",0,COUNTIFS('Scenario 1 Raw'!$B$6:$B$155,I$4,'Scenario 1 Raw'!$C$6:$C$155,"<>",'Scenario 1 Raw'!$Q$6:$Q$155,"Yes",'Scenario 1 Raw'!$F$6:$F$155,C14)) -> 0 | J14: =IF(C14="",0,COUNTIFS('Scenario 1 Raw'!$B$6:$B$155,J$4,'Scenario 1 Raw'!$C$6:$C$155,"<>",'Scenario 1 Raw'!$Q$6:$Q$155,"Yes",'Scenario 1 Raw'!$F$6:$F$155,C14)) -> 0 | K14: =IF(C14="",0,COUNTIFS('Scenario 1 Raw'!$B$6:$B$155,K$4,'Scenario 1 Raw'!$C$6:$C$155,"<>",'Scenario 1 Raw'!$Q$6:$Q$155,"Yes",'Scenario 1 Raw'!$F$6:$F$155,C14)) -> 0 | L14: =COUNTIF(E14:K14,">0") -> 0
A15: Scenario 2 | D15: Enter exact DFD component name before analysis. | E15: =IF(C15="",0,COUNTIFS('Scenario 2 Raw'!$B$6:$B$155,E$4,'Scenario 2 Raw'!$C$6:$C$155,"<>",'Scenario 2 Raw'!$Q$6:$Q$155,"Yes",'Scenario 2 Raw'!$F$6:$F$155,C15)) -> 0 | F15: =IF(C15="",0,COUNTIFS('Scenario 2 Raw'!$B$6:$B$155,F$4,'Scenario 2 Raw'!$C$6:$C$155,"<>",'Scenario 2 Raw'!$Q$6:$Q$155,"Yes",'Scenario 2 Raw'!$F$6:$F$155,C15)) -> 0 | G15: =IF(C15="",0,COUNTIFS('Scenario 2 Raw'!$B$6:$B$155,G$4,'Scenario 2 Raw'!$C$6:$C$155,"<>",'Scenario 2 Raw'!$Q$6:$Q$155,"Yes",'Scenario 2 Raw'!$F$6:$F$155,C15)) -> 0 | H15: =IF(C15="",0,COUNTIFS('Scenario 2 Raw'!$B$6:$B$155,H$4,'Scenario 2 Raw'!$C$6:$C$155,"<>",'Scenario 2 Raw'!$Q$6:$Q$155,"Yes",'Scenario 2 Raw'!$F$6:$F$155,C15)) -> 0 | I15: =IF(C15="",0,COUNTIFS('Scenario 2 Raw'!$B$6:$B$155,I$4,'Scenario 2 Raw'!$C$6:$C$155,"<>",'Scenario 2 Raw'!$Q$6:$Q$155,"Yes",'Scenario 2 Raw'!$F$6:$F$155,C15)) -> 0 | J15: =IF(C15="",0,COUNTIFS('Scenario 2 Raw'!$B$6:$B$155,J$4,'Scenario 2 Raw'!$C$6:$C$155,"<>",'Scenario 2 Raw'!$Q$6:$Q$155,"Yes",'Scenario 2 Raw'!$F$6:$F$155,C15)) -> 0 | K15: =IF(C15="",0,COUNTIFS('Scenario 2 Raw'!$B$6:$B$155,K$4,'Scenario 2 Raw'!$C$6:$C$155,"<>",'Scenario 2 Raw'!$Q$6:$Q$155,"Yes",'Scenario 2 Raw'!$F$6:$F$155,C15)) -> 0 | L15: =COUNTIF(E15:K15,">0") -> 0
A16: Scenario 2 | D16: Enter exact DFD component name before analysis. | E16: =IF(C16="",0,COUNTIFS('Scenario 2 Raw'!$B$6:$B$155,E$4,'Scenario 2 Raw'!$C$6:$C$155,"<>",'Scenario 2 Raw'!$Q$6:$Q$155,"Yes",'Scenario 2 Raw'!$F$6:$F$155,C16)) -> 0 | F16: =IF(C16="",0,COUNTIFS('Scenario 2 Raw'!$B$6:$B$155,F$4,'Scenario 2 Raw'!$C$6:$C$155,"<>",'Scenario 2 Raw'!$Q$6:$Q$155,"Yes",'Scenario 2 Raw'!$F$6:$F$155,C16)) -> 0 | G16: =IF(C16="",0,COUNTIFS('Scenario 2 Raw'!$B$6:$B$155,G$4,'Scenario 2 Raw'!$C$6:$C$155,"<>",'Scenario 2 Raw'!$Q$6:$Q$155,"Yes",'Scenario 2 Raw'!$F$6:$F$155,C16)) -> 0 | H16: =IF(C16="",0,COUNTIFS('Scenario 2 Raw'!$B$6:$B$155,H$4,'Scenario 2 Raw'!$C$6:$C$155,"<>",'Scenario 2 Raw'!$Q$6:$Q$155,"Yes",'Scenario 2 Raw'!$F$6:$F$155,C16)) -> 0 | I16: =IF(C16="",0,COUNTIFS('Scenario 2 Raw'!$B$6:$B$155,I$4,'Scenario 2 Raw'!$C$6:$C$155,"<>",'Scenario 2 Raw'!$Q$6:$Q$155,"Yes",'Scenario 2 Raw'!$F$6:$F$155,C16)) -> 0 | J16: =IF(C16="",0,COUNTIFS('Scenario 2 Raw'!$B$6:$B$155,J$4,'Scenario 2 Raw'!$C$6:$C$155,"<>",'Scenario 2 Raw'!$Q$6:$Q$155,"Yes",'Scenario 2 Raw'!$F$6:$F$155,C16)) -> 0 | K16: =IF(C16="",0,COUNTIFS('Scenario 2 Raw'!$B$6:$B$155,K$4,'Scenario 2 Raw'!$C$6:$C$155,"<>",'Scenario 2 Raw'!$Q$6:$Q$155,"Yes",'Scenario 2 Raw'!$F$6:$F$155,C16)) -> 0 | L16: =COUNTIF(E16:K16,">0") -> 0
A17: Scenario 2 | D17: Enter exact DFD component name before analysis. | E17: =IF(C17="",0,COUNTIFS('Scenario 2 Raw'!$B$6:$B$155,E$4,'Scenario 2 Raw'!$C$6:$C$155,"<>",'Scenario 2 Raw'!$Q$6:$Q$155,"Yes",'Scenario 2 Raw'!$F$6:$F$155,C17)) -> 0 | F17: =IF(C17="",0,COUNTIFS('Scenario 2 Raw'!$B$6:$B$155,F$4,'Scenario 2 Raw'!$C$6:$C$155,"<>",'Scenario 2 Raw'!$Q$6:$Q$155,"Yes",'Scenario 2 Raw'!$F$6:$F$155,C17)) -> 0 | G17: =IF(C17="",0,COUNTIFS('Scenario 2 Raw'!$B$6:$B$155,G$4,'Scenario 2 Raw'!$C$6:$C$155,"<>",'Scenario 2 Raw'!$Q$6:$Q$155,"Yes",'Scenario 2 Raw'!$F$6:$F$155,C17)) -> 0 | H17: =IF(C17="",0,COUNTIFS('Scenario 2 Raw'!$B$6:$B$155,H$4,'Scenario 2 Raw'!$C$6:$C$155,"<>",'Scenario 2 Raw'!$Q$6:$Q$155,"Yes",'Scenario 2 Raw'!$F$6:$F$155,C17)) -> 0 | I17: =IF(C17="",0,COUNTIFS('Scenario 2 Raw'!$B$6:$B$155,I$4,'Scenario 2 Raw'!$C$6:$C$155,"<>",'Scenario 2 Raw'!$Q$6:$Q$155,"Yes",'Scenario 2 Raw'!$F$6:$F$155,C17)) -> 0 | J17: =IF(C17="",0,COUNTIFS('Scenario 2 Raw'!$B$6:$B$155,J$4,'Scenario 2 Raw'!$C$6:$C$155,"<>",'Scenario 2 Raw'!$Q$6:$Q$155,"Yes",'Scenario 2 Raw'!$F$6:$F$155,C17)) -> 0 | K17: =IF(C17="",0,COUNTIFS('Scenario 2 Raw'!$B$6:$B$155,K$4,'Scenario 2 Raw'!$C$6:$C$155,"<>",'Scenario 2 Raw'!$Q$6:$Q$155,"Yes",'Scenario 2 Raw'!$F$6:$F$155,C17)) -> 0 | L17: =COUNTIF(E17:K17,">0") -> 0
A18: Scenario 2 | D18: Enter exact DFD component name before analysis. | E18: =IF(C18="",0,COUNTIFS('Scenario 2 Raw'!$B$6:$B$155,E$4,'Scenario 2 Raw'!$C$6:$C$155,"<>",'Scenario 2 Raw'!$Q$6:$Q$155,"Yes",'Scenario 2 Raw'!$F$6:$F$155,C18)) -> 0 | F18: =IF(C18="",0,COUNTIFS('Scenario 2 Raw'!$B$6:$B$155,F$4,'Scenario 2 Raw'!$C$6:$C$155,"<>",'Scenario 2 Raw'!$Q$6:$Q$155,"Yes",'Scenario 2 Raw'!$F$6:$F$155,C18)) -> 0 | G18: =IF(C18="",0,COUNTIFS('Scenario 2 Raw'!$B$6:$B$155,G$4,'Scenario 2 Raw'!$C$6:$C$155,"<>",'Scenario 2 Raw'!$Q$6:$Q$155,"Yes",'Scenario 2 Raw'!$F$6:$F$155,C18)) -> 0 | H18: =IF(C18="",0,COUNTIFS('Scenario 2 Raw'!$B$6:$B$155,H$4,'Scenario 2 Raw'!$C$6:$C$155,"<>",'Scenario 2 Raw'!$Q$6:$Q$155,"Yes",'Scenario 2 Raw'!$F$6:$F$155,C18)) -> 0 | I18: =IF(C18="",0,COUNTIFS('Scenario 2 Raw'!$B$6:$B$155,I$4,'Scenario 2 Raw'!$C$6:$C$155,"<>",'Scenario 2 Raw'!$Q$6:$Q$155,"Yes",'Scenario 2 Raw'!$F$6:$F$155,C18)) -> 0 | J18: =IF(C18="",0,COUNTIFS('Scenario 2 Raw'!$B$6:$B$155,J$4,'Scenario 2 Raw'!$C$6:$C$155,"<>",'Scenario 2 Raw'!$Q$6:$Q$155,"Yes",'Scenario 2 Raw'!$F$6:$F$155,C18)) -> 0 | K18: =IF(C18="",0,COUNTIFS('Scenario 2 Raw'!$B$6:$B$155,K$4,'Scenario 2 Raw'!$C$6:$C$155,"<>",'Scenario 2 Raw'!$Q$6:$Q$155,"Yes",'Scenario 2 Raw'!$F$6:$F$155,C18)) -> 0 | L18: =COUNTIF(E18:K18,">0") -> 0
A19: Scenario 2 | D19: Enter exact DFD component name before analysis. | E19: =IF(C19="",0,COUNTIFS('Scenario 2 Raw'!$B$6:$B$155,E$4,'Scenario 2 Raw'!$C$6:$C$155,"<>",'Scenario 2 Raw'!$Q$6:$Q$155,"Yes",'Scenario 2 Raw'!$F$6:$F$155,C19)) -> 0 | F19: =IF(C19="",0,COUNTIFS('Scenario 2 Raw'!$B$6:$B$155,F$4,'Scenario 2 Raw'!$C$6:$C$155,"<>",'Scenario 2 Raw'!$Q$6:$Q$155,"Yes",'Scenario 2 Raw'!$F$6:$F$155,C19)) -> 0 | G19: =IF(C19="",0,COUNTIFS('Scenario 2 Raw'!$B$6:$B$155,G$4,'Scenario 2 Raw'!$C$6:$C$155,"<>",'Scenario 2 Raw'!$Q$6:$Q$155,"Yes",'Scenario 2 Raw'!$F$6:$F$155,C19)) -> 0 | H19: =IF(C19="",0,COUNTIFS('Scenario 2 Raw'!$B$6:$B$155,H$4,'Scenario 2 Raw'!$C$6:$C$155,"<>",'Scenario 2 Raw'!$Q$6:$Q$155,"Yes",'Scenario 2 Raw'!$F$6:$F$155,C19)) -> 0 | I19: =IF(C19="",0,COUNTIFS('Scenario 2 Raw'!$B$6:$B$155,I$4,'Scenario 2 Raw'!$C$6:$C$155,"<>",'Scenario 2 Raw'!$Q$6:$Q$155,"Yes",'Scenario 2 Raw'!$F$6:$F$155,C19)) -> 0 | J19: =IF(C19="",0,COUNTIFS('Scenario 2 Raw'!$B$6:$B$155,J$4,'Scenario 2 Raw'!$C$6:$C$155,"<>",'Scenario 2 Raw'!$Q$6:$Q$155,"Yes",'Scenario 2 Raw'!$F$6:$F$155,C19)) -> 0 | K19: =IF(C19="",0,COUNTIFS('Scenario 2 Raw'!$B$6:$B$155,K$4,'Scenario 2 Raw'!$C$6:$C$155,"<>",'Scenario 2 Raw'!$Q$6:$Q$155,"Yes",'Scenario 2 Raw'!$F$6:$F$155,C19)) -> 0 | L19: =COUNTIF(E19:K19,">0") -> 0
A20: Scenario 2 | D20: Enter exact DFD component name before analysis. | E20: =IF(C20="",0,COUNTIFS('Scenario 2 Raw'!$B$6:$B$155,E$4,'Scenario 2 Raw'!$C$6:$C$155,"<>",'Scenario 2 Raw'!$Q$6:$Q$155,"Yes",'Scenario 2 Raw'!$F$6:$F$155,C20)) -> 0 | F20: =IF(C20="",0,COUNTIFS('Scenario 2 Raw'!$B$6:$B$155,F$4,'Scenario 2 Raw'!$C$6:$C$155,"<>",'Scenario 2 Raw'!$Q$6:$Q$155,"Yes",'Scenario 2 Raw'!$F$6:$F$155,C20)) -> 0 | G20: =IF(C20="",0,COUNTIFS('Scenario 2 Raw'!$B$6:$B$155,G$4,'Scenario 2 Raw'!$C$6:$C$155,"<>",'Scenario 2 Raw'!$Q$6:$Q$155,"Yes",'Scenario 2 Raw'!$F$6:$F$155,C20)) -> 0 | H20: =IF(C20="",0,COUNTIFS('Scenario 2 Raw'!$B$6:$B$155,H$4,'Scenario 2 Raw'!$C$6:$C$155,"<>",'Scenario 2 Raw'!$Q$6:$Q$155,"Yes",'Scenario 2 Raw'!$F$6:$F$155,C20)) -> 0 | I20: =IF(C20="",0,COUNTIFS('Scenario 2 Raw'!$B$6:$B$155,I$4,'Scenario 2 Raw'!$C$6:$C$155,"<>",'Scenario 2 Raw'!$Q$6:$Q$155,"Yes",'Scenario 2 Raw'!$F$6:$F$155,C20)) -> 0 | J20: =IF(C20="",0,COUNTIFS('Scenario 2 Raw'!$B$6:$B$155,J$4,'Scenario 2 Raw'!$C$6:$C$155,"<>",'Scenario 2 Raw'!$Q$6:$Q$155,"Yes",'Scenario 2 Raw'!$F$6:$F$155,C20)) -> 0 | K20: =IF(C20="",0,COUNTIFS('Scenario 2 Raw'!$B$6:$B$155,K$4,'Scenario 2 Raw'!$C$6:$C$155,"<>",'Scenario 2 Raw'!$Q$6:$Q$155,"Yes",'Scenario 2 Raw'!$F$6:$F$155,C20)) -> 0 | L20: =COUNTIF(E20:K20,">0") -> 0
A21: Scenario 2 | D21: Enter exact DFD component name before analysis. | E21: =IF(C21="",0,COUNTIFS('Scenario 2 Raw'!$B$6:$B$155,E$4,'Scenario 2 Raw'!$C$6:$C$155,"<>",'Scenario 2 Raw'!$Q$6:$Q$155,"Yes",'Scenario 2 Raw'!$F$6:$F$155,C21)) -> 0 | F21: =IF(C21="",0,COUNTIFS('Scenario 2 Raw'!$B$6:$B$155,F$4,'Scenario 2 Raw'!$C$6:$C$155,"<>",'Scenario 2 Raw'!$Q$6:$Q$155,"Yes",'Scenario 2 Raw'!$F$6:$F$155,C21)) -> 0 | G21: =IF(C21="",0,COUNTIFS('Scenario 2 Raw'!$B$6:$B$155,G$4,'Scenario 2 Raw'!$C$6:$C$155,"<>",'Scenario 2 Raw'!$Q$6:$Q$155,"Yes",'Scenario 2 Raw'!$F$6:$F$155,C21)) -> 0 | H21: =IF(C21="",0,COUNTIFS('Scenario 2 Raw'!$B$6:$B$155,H$4,'Scenario 2 Raw'!$C$6:$C$155,"<>",'Scenario 2 Raw'!$Q$6:$Q$155,"Yes",'Scenario 2 Raw'!$F$6:$F$155,C21)) -> 0 | I21: =IF(C21="",0,COUNTIFS('Scenario 2 Raw'!$B$6:$B$155,I$4,'Scenario 2 Raw'!$C$6:$C$155,"<>",'Scenario 2 Raw'!$Q$6:$Q$155,"Yes",'Scenario 2 Raw'!$F$6:$F$155,C21)) -> 0 | J21: =IF(C21="",0,COUNTIFS('Scenario 2 Raw'!$B$6:$B$155,J$4,'Scenario 2 Raw'!$C$6:$C$155,"<>",'Scenario 2 Raw'!$Q$6:$Q$155,"Yes",'Scenario 2 Raw'!$F$6:$F$155,C21)) -> 0 | K21: =IF(C21="",0,COUNTIFS('Scenario 2 Raw'!$B$6:$B$155,K$4,'Scenario 2 Raw'!$C$6:$C$155,"<>",'Scenario 2 Raw'!$Q$6:$Q$155,"Yes",'Scenario 2 Raw'!$F$6:$F$155,C21)) -> 0 | L21: =COUNTIF(E21:K21,">0") -> 0
A22: Scenario 2 | D22: Enter exact DFD component name before analysis. | E22: =IF(C22="",0,COUNTIFS('Scenario 2 Raw'!$B$6:$B$155,E$4,'Scenario 2 Raw'!$C$6:$C$155,"<>",'Scenario 2 Raw'!$Q$6:$Q$155,"Yes",'Scenario 2 Raw'!$F$6:$F$155,C22)) -> 0 | F22: =IF(C22="",0,COUNTIFS('Scenario 2 Raw'!$B$6:$B$155,F$4,'Scenario 2 Raw'!$C$6:$C$155,"<>",'Scenario 2 Raw'!$Q$6:$Q$155,"Yes",'Scenario 2 Raw'!$F$6:$F$155,C22)) -> 0 | G22: =IF(C22="",0,COUNTIFS('Scenario 2 Raw'!$B$6:$B$155,G$4,'Scenario 2 Raw'!$C$6:$C$155,"<>",'Scenario 2 Raw'!$Q$6:$Q$155,"Yes",'Scenario 2 Raw'!$F$6:$F$155,C22)) -> 0 | H22: =IF(C22="",0,COUNTIFS('Scenario 2 Raw'!$B$6:$B$155,H$4,'Scenario 2 Raw'!$C$6:$C$155,"<>",'Scenario 2 Raw'!$Q$6:$Q$155,"Yes",'Scenario 2 Raw'!$F$6:$F$155,C22)) -> 0 | I22: =IF(C22="",0,COUNTIFS('Scenario 2 Raw'!$B$6:$B$155,I$4,'Scenario 2 Raw'!$C$6:$C$155,"<>",'Scenario 2 Raw'!$Q$6:$Q$155,"Yes",'Scenario 2 Raw'!$F$6:$F$155,C22)) -> 0 | J22: =IF(C22="",0,COUNTIFS('Scenario 2 Raw'!$B$6:$B$155,J$4,'Scenario 2 Raw'!$C$6:$C$155,"<>",'Scenario 2 Raw'!$Q$6:$Q$155,"Yes",'Scenario 2 Raw'!$F$6:$F$155,C22)) -> 0 | K22: =IF(C22="",0,COUNTIFS('Scenario 2 Raw'!$B$6:$B$155,K$4,'Scenario 2 Raw'!$C$6:$C$155,"<>",'Scenario 2 Raw'!$Q$6:$Q$155,"Yes",'Scenario 2 Raw'!$F$6:$F$155,C22)) -> 0 | L22: =COUNTIF(E22:K22,">0") -> 0
A23: Scenario 2 | D23: Enter exact DFD component name before analysis. | E23: =IF(C23="",0,COUNTIFS('Scenario 2 Raw'!$B$6:$B$155,E$4,'Scenario 2 Raw'!$C$6:$C$155,"<>",'Scenario 2 Raw'!$Q$6:$Q$155,"Yes",'Scenario 2 Raw'!$F$6:$F$155,C23)) -> 0 | F23: =IF(C23="",0,COUNTIFS('Scenario 2 Raw'!$B$6:$B$155,F$4,'Scenario 2 Raw'!$C$6:$C$155,"<>",'Scenario 2 Raw'!$Q$6:$Q$155,"Yes",'Scenario 2 Raw'!$F$6:$F$155,C23)) -> 0 | G23: =IF(C23="",0,COUNTIFS('Scenario 2 Raw'!$B$6:$B$155,G$4,'Scenario 2 Raw'!$C$6:$C$155,"<>",'Scenario 2 Raw'!$Q$6:$Q$155,"Yes",'Scenario 2 Raw'!$F$6:$F$155,C23)) -> 0 | H23: =IF(C23="",0,COUNTIFS('Scenario 2 Raw'!$B$6:$B$155,H$4,'Scenario 2 Raw'!$C$6:$C$155,"<>",'Scenario 2 Raw'!$Q$6:$Q$155,"Yes",'Scenario 2 Raw'!$F$6:$F$155,C23)) -> 0 | I23: =IF(C23="",0,COUNTIFS('Scenario 2 Raw'!$B$6:$B$155,I$4,'Scenario 2 Raw'!$C$6:$C$155,"<>",'Scenario 2 Raw'!$Q$6:$Q$155,"Yes",'Scenario 2 Raw'!$F$6:$F$155,C23)) -> 0 | J23: =IF(C23="",0,COUNTIFS('Scenario 2 Raw'!$B$6:$B$155,J$4,'Scenario 2 Raw'!$C$6:$C$155,"<>",'Scenario 2 Raw'!$Q$6:$Q$155,"Yes",'Scenario 2 Raw'!$F$6:$F$155,C23)) -> 0 | K23: =IF(C23="",0,COUNTIFS('Scenario 2 Raw'!$B$6:$B$155,K$4,'Scenario 2 Raw'!$C$6:$C$155,"<>",'Scenario 2 Raw'!$Q$6:$Q$155,"Yes",'Scenario 2 Raw'!$F$6:$F$155,C23)) -> 0 | L23: =COUNTIF(E23:K23,">0") -> 0
A24: Scenario 2 | D24: Enter exact DFD component name before analysis. | E24: =IF(C24="",0,COUNTIFS('Scenario 2 Raw'!$B$6:$B$155,E$4,'Scenario 2 Raw'!$C$6:$C$155,"<>",'Scenario 2 Raw'!$Q$6:$Q$155,"Yes",'Scenario 2 Raw'!$F$6:$F$155,C24)) -> 0 | F24: =IF(C24="",0,COUNTIFS('Scenario 2 Raw'!$B$6:$B$155,F$4,'Scenario 2 Raw'!$C$6:$C$155,"<>",'Scenario 2 Raw'!$Q$6:$Q$155,"Yes",'Scenario 2 Raw'!$F$6:$F$155,C24)) -> 0 | G24: =IF(C24="",0,COUNTIFS('Scenario 2 Raw'!$B$6:$B$155,G$4,'Scenario 2 Raw'!$C$6:$C$155,"<>",'Scenario 2 Raw'!$Q$6:$Q$155,"Yes",'Scenario 2 Raw'!$F$6:$F$155,C24)) -> 0 | H24: =IF(C24="",0,COUNTIFS('Scenario 2 Raw'!$B$6:$B$155,H$4,'Scenario 2 Raw'!$C$6:$C$155,"<>",'Scenario 2 Raw'!$Q$6:$Q$155,"Yes",'Scenario 2 Raw'!$F$6:$F$155,C24)) -> 0 | I24: =IF(C24="",0,COUNTIFS('Scenario 2 Raw'!$B$6:$B$155,I$4,'Scenario 2 Raw'!$C$6:$C$155,"<>",'Scenario 2 Raw'!$Q$6:$Q$155,"Yes",'Scenario 2 Raw'!$F$6:$F$155,C24)) -> 0 | J24: =IF(C24="",0,COUNTIFS('Scenario 2 Raw'!$B$6:$B$155,J$4,'Scenario 2 Raw'!$C$6:$C$155,"<>",'Scenario 2 Raw'!$Q$6:$Q$155,"Yes",'Scenario 2 Raw'!$F$6:$F$155,C24)) -> 0 | K24: =IF(C24="",0,COUNTIFS('Scenario 2 Raw'!$B$6:$B$155,K$4,'Scenario 2 Raw'!$C$6:$C$155,"<>",'Scenario 2 Raw'!$Q$6:$Q$155,"Yes",'Scenario 2 Raw'!$F$6:$F$155,C24)) -> 0 | L24: =COUNTIF(E24:K24,">0") -> 0
A25: Scenario 3 | D25: Enter exact DFD component name before analysis. | E25: =IF(C25="",0,COUNTIFS('Scenario 3 Raw'!$B$6:$B$155,E$4,'Scenario 3 Raw'!$C$6:$C$155,"<>",'Scenario 3 Raw'!$Q$6:$Q$155,"Yes",'Scenario 3 Raw'!$F$6:$F$155,C25)) -> 0 | F25: =IF(C25="",0,COUNTIFS('Scenario 3 Raw'!$B$6:$B$155,F$4,'Scenario 3 Raw'!$C$6:$C$155,"<>",'Scenario 3 Raw'!$Q$6:$Q$155,"Yes",'Scenario 3 Raw'!$F$6:$F$155,C25)) -> 0 | G25: =IF(C25="",0,COUNTIFS('Scenario 3 Raw'!$B$6:$B$155,G$4,'Scenario 3 Raw'!$C$6:$C$155,"<>",'Scenario 3 Raw'!$Q$6:$Q$155,"Yes",'Scenario 3 Raw'!$F$6:$F$155,C25)) -> 0 | H25: =IF(C25="",0,COUNTIFS('Scenario 3 Raw'!$B$6:$B$155,H$4,'Scenario 3 Raw'!$C$6:$C$155,"<>",'Scenario 3 Raw'!$Q$6:$Q$155,"Yes",'Scenario 3 Raw'!$F$6:$F$155,C25)) -> 0 | I25: =IF(C25="",0,COUNTIFS('Scenario 3 Raw'!$B$6:$B$155,I$4,'Scenario 3 Raw'!$C$6:$C$155,"<>",'Scenario 3 Raw'!$Q$6:$Q$155,"Yes",'Scenario 3 Raw'!$F$6:$F$155,C25)) -> 0 | J25: =IF(C25="",0,COUNTIFS('Scenario 3 Raw'!$B$6:$B$155,J$4,'Scenario 3 Raw'!$C$6:$C$155,"<>",'Scenario 3 Raw'!$Q$6:$Q$155,"Yes",'Scenario 3 Raw'!$F$6:$F$155,C25)) -> 0 | K25: =IF(C25="",0,COUNTIFS('Scenario 3 Raw'!$B$6:$B$155,K$4,'Scenario 3 Raw'!$C$6:$C$155,"<>",'Scenario 3 Raw'!$Q$6:$Q$155,"Yes",'Scenario 3 Raw'!$F$6:$F$155,C25)) -> 0 | L25: =COUNTIF(E25:K25,">0") -> 0
A26: Scenario 3 | D26: Enter exact DFD component name before analysis. | E26: =IF(C26="",0,COUNTIFS('Scenario 3 Raw'!$B$6:$B$155,E$4,'Scenario 3 Raw'!$C$6:$C$155,"<>",'Scenario 3 Raw'!$Q$6:$Q$155,"Yes",'Scenario 3 Raw'!$F$6:$F$155,C26)) -> 0 | F26: =IF(C26="",0,COUNTIFS('Scenario 3 Raw'!$B$6:$B$155,F$4,'Scenario 3 Raw'!$C$6:$C$155,"<>",'Scenario 3 Raw'!$Q$6:$Q$155,"Yes",'Scenario 3 Raw'!$F$6:$F$155,C26)) -> 0 | G26: =IF(C26="",0,COUNTIFS('Scenario 3 Raw'!$B$6:$B$155,G$4,'Scenario 3 Raw'!$C$6:$C$155,"<>",'Scenario 3 Raw'!$Q$6:$Q$155,"Yes",'Scenario 3 Raw'!$F$6:$F$155,C26)) -> 0 | H26: =IF(C26="",0,COUNTIFS('Scenario 3 Raw'!$B$6:$B$155,H$4,'Scenario 3 Raw'!$C$6:$C$155,"<>",'Scenario 3 Raw'!$Q$6:$Q$155,"Yes",'Scenario 3 Raw'!$F$6:$F$155,C26)) -> 0 | I26: =IF(C26="",0,COUNTIFS('Scenario 3 Raw'!$B$6:$B$155,I$4,'Scenario 3 Raw'!$C$6:$C$155,"<>",'Scenario 3 Raw'!$Q$6:$Q$155,"Yes",'Scenario 3 Raw'!$F$6:$F$155,C26)) -> 0 | J26: =IF(C26="",0,COUNTIFS('Scenario 3 Raw'!$B$6:$B$155,J$4,'Scenario 3 Raw'!$C$6:$C$155,"<>",'Scenario 3 Raw'!$Q$6:$Q$155,"Yes",'Scenario 3 Raw'!$F$6:$F$155,C26)) -> 0 | K26: =IF(C26="",0,COUNTIFS('Scenario 3 Raw'!$B$6:$B$155,K$4,'Scenario 3 Raw'!$C$6:$C$155,"<>",'Scenario 3 Raw'!$Q$6:$Q$155,"Yes",'Scenario 3 Raw'!$F$6:$F$155,C26)) -> 0 | L26: =COUNTIF(E26:K26,">0") -> 0
A27: Scenario 3 | D27: Enter exact DFD component name before analysis. | E27: =IF(C27="",0,COUNTIFS('Scenario 3 Raw'!$B$6:$B$155,E$4,'Scenario 3 Raw'!$C$6:$C$155,"<>",'Scenario 3 Raw'!$Q$6:$Q$155,"Yes",'Scenario 3 Raw'!$F$6:$F$155,C27)) -> 0 | F27: =IF(C27="",0,COUNTIFS('Scenario 3 Raw'!$B$6:$B$155,F$4,'Scenario 3 Raw'!$C$6:$C$155,"<>",'Scenario 3 Raw'!$Q$6:$Q$155,"Yes",'Scenario 3 Raw'!$F$6:$F$155,C27)) -> 0 | G27: =IF(C27="",0,COUNTIFS('Scenario 3 Raw'!$B$6:$B$155,G$4,'Scenario 3 Raw'!$C$6:$C$155,"<>",'Scenario 3 Raw'!$Q$6:$Q$155,"Yes",'Scenario 3 Raw'!$F$6:$F$155,C27)) -> 0 | H27: =IF(C27="",0,COUNTIFS('Scenario 3 Raw'!$B$6:$B$155,H$4,'Scenario 3 Raw'!$C$6:$C$155,"<>",'Scenario 3 Raw'!$Q$6:$Q$155,"Yes",'Scenario 3 Raw'!$F$6:$F$155,C27)) -> 0 | I27: =IF(C27="",0,COUNTIFS('Scenario 3 Raw'!$B$6:$B$155,I$4,'Scenario 3 Raw'!$C$6:$C$155,"<>",'Scenario 3 Raw'!$Q$6:$Q$155,"Yes",'Scenario 3 Raw'!$F$6:$F$155,C27)) -> 0 | J27: =IF(C27="",0,COUNTIFS('Scenario 3 Raw'!$B$6:$B$155,J$4,'Scenario 3 Raw'!$C$6:$C$155,"<>",'Scenario 3 Raw'!$Q$6:$Q$155,"Yes",'Scenario 3 Raw'!$F$6:$F$155,C27)) -> 0 | K27: =IF(C27="",0,COUNTIFS('Scenario 3 Raw'!$B$6:$B$155,K$4,'Scenario 3 Raw'!$C$6:$C$155,"<>",'Scenario 3 Raw'!$Q$6:$Q$155,"Yes",'Scenario 3 Raw'!$F$6:$F$155,C27)) -> 0 | L27: =COUNTIF(E27:K27,">0") -> 0
A28: Scenario 3 | D28: Enter exact DFD component name before analysis. | E28: =IF(C28="",0,COUNTIFS('Scenario 3 Raw'!$B$6:$B$155,E$4,'Scenario 3 Raw'!$C$6:$C$155,"<>",'Scenario 3 Raw'!$Q$6:$Q$155,"Yes",'Scenario 3 Raw'!$F$6:$F$155,C28)) -> 0 | F28: =IF(C28="",0,COUNTIFS('Scenario 3 Raw'!$B$6:$B$155,F$4,'Scenario 3 Raw'!$C$6:$C$155,"<>",'Scenario 3 Raw'!$Q$6:$Q$155,"Yes",'Scenario 3 Raw'!$F$6:$F$155,C28)) -> 0 | G28: =IF(C28="",0,COUNTIFS('Scenario 3 Raw'!$B$6:$B$155,G$4,'Scenario 3 Raw'!$C$6:$C$155,"<>",'Scenario 3 Raw'!$Q$6:$Q$155,"Yes",'Scenario 3 Raw'!$F$6:$F$155,C28)) -> 0 | H28: =IF(C28="",0,COUNTIFS('Scenario 3 Raw'!$B$6:$B$155,H$4,'Scenario 3 Raw'!$C$6:$C$155,"<>",'Scenario 3 Raw'!$Q$6:$Q$155,"Yes",'Scenario 3 Raw'!$F$6:$F$155,C28)) -> 0 | I28: =IF(C28="",0,COUNTIFS('Scenario 3 Raw'!$B$6:$B$155,I$4,'Scenario 3 Raw'!$C$6:$C$155,"<>",'Scenario 3 Raw'!$Q$6:$Q$155,"Yes",'Scenario 3 Raw'!$F$6:$F$155,C28)) -> 0 | J28: =IF(C28="",0,COUNTIFS('Scenario 3 Raw'!$B$6:$B$155,J$4,'Scenario 3 Raw'!$C$6:$C$155,"<>",'Scenario 3 Raw'!$Q$6:$Q$155,"Yes",'Scenario 3 Raw'!$F$6:$F$155,C28)) -> 0 | K28: =IF(C28="",0,COUNTIFS('Scenario 3 Raw'!$B$6:$B$155,K$4,'Scenario 3 Raw'!$C$6:$C$155,"<>",'Scenario 3 Raw'!$Q$6:$Q$155,"Yes",'Scenario 3 Raw'!$F$6:$F$155,C28)) -> 0 | L28: =COUNTIF(E28:K28,">0") -> 0
A29: Scenario 3 | D29: Enter exact DFD component name before analysis. | E29: =IF(C29="",0,COUNTIFS('Scenario 3 Raw'!$B$6:$B$155,E$4,'Scenario 3 Raw'!$C$6:$C$155,"<>",'Scenario 3 Raw'!$Q$6:$Q$155,"Yes",'Scenario 3 Raw'!$F$6:$F$155,C29)) -> 0 | F29: =IF(C29="",0,COUNTIFS('Scenario 3 Raw'!$B$6:$B$155,F$4,'Scenario 3 Raw'!$C$6:$C$155,"<>",'Scenario 3 Raw'!$Q$6:$Q$155,"Yes",'Scenario 3 Raw'!$F$6:$F$155,C29)) -> 0 | G29: =IF(C29="",0,COUNTIFS('Scenario 3 Raw'!$B$6:$B$155,G$4,'Scenario 3 Raw'!$C$6:$C$155,"<>",'Scenario 3 Raw'!$Q$6:$Q$155,"Yes",'Scenario 3 Raw'!$F$6:$F$155,C29)) -> 0 | H29: =IF(C29="",0,COUNTIFS('Scenario 3 Raw'!$B$6:$B$155,H$4,'Scenario 3 Raw'!$C$6:$C$155,"<>",'Scenario 3 Raw'!$Q$6:$Q$155,"Yes",'Scenario 3 Raw'!$F$6:$F$155,C29)) -> 0 | I29: =IF(C29="",0,COUNTIFS('Scenario 3 Raw'!$B$6:$B$155,I$4,'Scenario 3 Raw'!$C$6:$C$155,"<>",'Scenario 3 Raw'!$Q$6:$Q$155,"Yes",'Scenario 3 Raw'!$F$6:$F$155,C29)) -> 0 | J29: =IF(C29="",0,COUNTIFS('Scenario 3 Raw'!$B$6:$B$155,J$4,'Scenario 3 Raw'!$C$6:$C$155,"<>",'Scenario 3 Raw'!$Q$6:$Q$155,"Yes",'Scenario 3 Raw'!$F$6:$F$155,C29)) -> 0 | K29: =IF(C29="",0,COUNTIFS('Scenario 3 Raw'!$B$6:$B$155,K$4,'Scenario 3 Raw'!$C$6:$C$155,"<>",'Scenario 3 Raw'!$Q$6:$Q$155,"Yes",'Scenario 3 Raw'!$F$6:$F$155,C29)) -> 0 | L29: =COUNTIF(E29:K29,">0") -> 0
A30: Scenario 3 | D30: Enter exact DFD component name before analysis. | E30: =IF(C30="",0,COUNTIFS('Scenario 3 Raw'!$B$6:$B$155,E$4,'Scenario 3 Raw'!$C$6:$C$155,"<>",'Scenario 3 Raw'!$Q$6:$Q$155,"Yes",'Scenario 3 Raw'!$F$6:$F$155,C30)) -> 0 | F30: =IF(C30="",0,COUNTIFS('Scenario 3 Raw'!$B$6:$B$155,F$4,'Scenario 3 Raw'!$C$6:$C$155,"<>",'Scenario 3 Raw'!$Q$6:$Q$155,"Yes",'Scenario 3 Raw'!$F$6:$F$155,C30)) -> 0 | G30: =IF(C30="",0,COUNTIFS('Scenario 3 Raw'!$B$6:$B$155,G$4,'Scenario 3 Raw'!$C$6:$C$155,"<>",'Scenario 3 Raw'!$Q$6:$Q$155,"Yes",'Scenario 3 Raw'!$F$6:$F$155,C30)) -> 0 | H30: =IF(C30="",0,COUNTIFS('Scenario 3 Raw'!$B$6:$B$155,H$4,'Scenario 3 Raw'!$C$6:$C$155,"<>",'Scenario 3 Raw'!$Q$6:$Q$155,"Yes",'Scenario 3 Raw'!$F$6:$F$155,C30)) -> 0 | I30: =IF(C30="",0,COUNTIFS('Scenario 3 Raw'!$B$6:$B$155,I$4,'Scenario 3 Raw'!$C$6:$C$155,"<>",'Scenario 3 Raw'!$Q$6:$Q$155,"Yes",'Scenario 3 Raw'!$F$6:$F$155,C30)) -> 0 | J30: =IF(C30="",0,COUNTIFS('Scenario 3 Raw'!$B$6:$B$155,J$4,'Scenario 3 Raw'!$C$6:$C$155,"<>",'Scenario 3 Raw'!$Q$6:$Q$155,"Yes",'Scenario 3 Raw'!$F$6:$F$155,C30)) -> 0 | K30: =IF(C30="",0,COUNTIFS('Scenario 3 Raw'!$B$6:$B$155,K$4,'Scenario 3 Raw'!$C$6:$C$155,"<>",'Scenario 3 Raw'!$Q$6:$Q$155,"Yes",'Scenario 3 Raw'!$F$6:$F$155,C30)) -> 0 | L30: =COUNTIF(E30:K30,">0") -> 0
A31: Scenario 3 | D31: Enter exact DFD component name before analysis. | E31: =IF(C31="",0,COUNTIFS('Scenario 3 Raw'!$B$6:$B$155,E$4,'Scenario 3 Raw'!$C$6:$C$155,"<>",'Scenario 3 Raw'!$Q$6:$Q$155,"Yes",'Scenario 3 Raw'!$F$6:$F$155,C31)) -> 0 | F31: =IF(C31="",0,COUNTIFS('Scenario 3 Raw'!$B$6:$B$155,F$4,'Scenario 3 Raw'!$C$6:$C$155,"<>",'Scenario 3 Raw'!$Q$6:$Q$155,"Yes",'Scenario 3 Raw'!$F$6:$F$155,C31)) -> 0 | G31: =IF(C31="",0,COUNTIFS('Scenario 3 Raw'!$B$6:$B$155,G$4,'Scenario 3 Raw'!$C$6:$C$155,"<>",'Scenario 3 Raw'!$Q$6:$Q$155,"Yes",'Scenario 3 Raw'!$F$6:$F$155,C31)) -> 0 | H31: =IF(C31="",0,COUNTIFS('Scenario 3 Raw'!$B$6:$B$155,H$4,'Scenario 3 Raw'!$C$6:$C$155,"<>",'Scenario 3 Raw'!$Q$6:$Q$155,"Yes",'Scenario 3 Raw'!$F$6:$F$155,C31)) -> 0 | I31: =IF(C31="",0,COUNTIFS('Scenario 3 Raw'!$B$6:$B$155,I$4,'Scenario 3 Raw'!$C$6:$C$155,"<>",'Scenario 3 Raw'!$Q$6:$Q$155,"Yes",'Scenario 3 Raw'!$F$6:$F$155,C31)) -> 0 | J31: =IF(C31="",0,COUNTIFS('Scenario 3 Raw'!$B$6:$B$155,J$4,'Scenario 3 Raw'!$C$6:$C$155,"<>",'Scenario 3 Raw'!$Q$6:$Q$155,"Yes",'Scenario 3 Raw'!$F$6:$F$155,C31)) -> 0 | K31: =IF(C31="",0,COUNTIFS('Scenario 3 Raw'!$B$6:$B$155,K$4,'Scenario 3 Raw'!$C$6:$C$155,"<>",'Scenario 3 Raw'!$Q$6:$Q$155,"Yes",'Scenario 3 Raw'!$F$6:$F$155,C31)) -> 0 | L31: =COUNTIF(E31:K31,">0") -> 0
A32: Scenario 3 | D32: Enter exact DFD component name before analysis. | E32: =IF(C32="",0,COUNTIFS('Scenario 3 Raw'!$B$6:$B$155,E$4,'Scenario 3 Raw'!$C$6:$C$155,"<>",'Scenario 3 Raw'!$Q$6:$Q$155,"Yes",'Scenario 3 Raw'!$F$6:$F$155,C32)) -> 0 | F32: =IF(C32="",0,COUNTIFS('Scenario 3 Raw'!$B$6:$B$155,F$4,'Scenario 3 Raw'!$C$6:$C$155,"<>",'Scenario 3 Raw'!$Q$6:$Q$155,"Yes",'Scenario 3 Raw'!$F$6:$F$155,C32)) -> 0 | G32: =IF(C32="",0,COUNTIFS('Scenario 3 Raw'!$B$6:$B$155,G$4,'Scenario 3 Raw'!$C$6:$C$155,"<>",'Scenario 3 Raw'!$Q$6:$Q$155,"Yes",'Scenario 3 Raw'!$F$6:$F$155,C32)) -> 0 | H32: =IF(C32="",0,COUNTIFS('Scenario 3 Raw'!$B$6:$B$155,H$4,'Scenario 3 Raw'!$C$6:$C$155,"<>",'Scenario 3 Raw'!$Q$6:$Q$155,"Yes",'Scenario 3 Raw'!$F$6:$F$155,C32)) -> 0 | I32: =IF(C32="",0,COUNTIFS('Scenario 3 Raw'!$B$6:$B$155,I$4,'Scenario 3 Raw'!$C$6:$C$155,"<>",'Scenario 3 Raw'!$Q$6:$Q$155,"Yes",'Scenario 3 Raw'!$F$6:$F$155,C32)) -> 0 | J32: =IF(C32="",0,COUNTIFS('Scenario 3 Raw'!$B$6:$B$155,J$4,'Scenario 3 Raw'!$C$6:$C$155,"<>",'Scenario 3 Raw'!$Q$6:$Q$155,"Yes",'Scenario 3 Raw'!$F$6:$F$155,C32)) -> 0 | K32: =IF(C32="",0,COUNTIFS('Scenario 3 Raw'!$B$6:$B$155,K$4,'Scenario 3 Raw'!$C$6:$C$155,"<>",'Scenario 3 Raw'!$Q$6:$Q$155,"Yes",'Scenario 3 Raw'!$F$6:$F$155,C32)) -> 0 | L32: =COUNTIF(E32:K32,">0") -> 0
A33: Scenario 3 | D33: Enter exact DFD component name before analysis. | E33: =IF(C33="",0,COUNTIFS('Scenario 3 Raw'!$B$6:$B$155,E$4,'Scenario 3 Raw'!$C$6:$C$155,"<>",'Scenario 3 Raw'!$Q$6:$Q$155,"Yes",'Scenario 3 Raw'!$F$6:$F$155,C33)) -> 0 | F33: =IF(C33="",0,COUNTIFS('Scenario 3 Raw'!$B$6:$B$155,F$4,'Scenario 3 Raw'!$C$6:$C$155,"<>",'Scenario 3 Raw'!$Q$6:$Q$155,"Yes",'Scenario 3 Raw'!$F$6:$F$155,C33)) -> 0 | G33: =IF(C33="",0,COUNTIFS('Scenario 3 Raw'!$B$6:$B$155,G$4,'Scenario 3 Raw'!$C$6:$C$155,"<>",'Scenario 3 Raw'!$Q$6:$Q$155,"Yes",'Scenario 3 Raw'!$F$6:$F$155,C33)) -> 0 | H33: =IF(C33="",0,COUNTIFS('Scenario 3 Raw'!$B$6:$B$155,H$4,'Scenario 3 Raw'!$C$6:$C$155,"<>",'Scenario 3 Raw'!$Q$6:$Q$155,"Yes",'Scenario 3 Raw'!$F$6:$F$155,C33)) -> 0 | I33: =IF(C33="",0,COUNTIFS('Scenario 3 Raw'!$B$6:$B$155,I$4,'Scenario 3 Raw'!$C$6:$C$155,"<>",'Scenario 3 Raw'!$Q$6:$Q$155,"Yes",'Scenario 3 Raw'!$F$6:$F$155,C33)) -> 0 | J33: =IF(C33="",0,COUNTIFS('Scenario 3 Raw'!$B$6:$B$155,J$4,'Scenario 3 Raw'!$C$6:$C$155,"<>",'Scenario 3 Raw'!$Q$6:$Q$155,"Yes",'Scenario 3 Raw'!$F$6:$F$155,C33)) -> 0 | K33: =IF(C33="",0,COUNTIFS('Scenario 3 Raw'!$B$6:$B$155,K$4,'Scenario 3 Raw'!$C$6:$C$155,"<>",'Scenario 3 Raw'!$Q$6:$Q$155,"Yes",'Scenario 3 Raw'!$F$6:$F$155,C33)) -> 0 | L33: =COUNTIF(E33:K33,">0") -> 0
A34: Scenario 3 | D34: Enter exact DFD component name before analysis. | E34: =IF(C34="",0,COUNTIFS('Scenario 3 Raw'!$B$6:$B$155,E$4,'Scenario 3 Raw'!$C$6:$C$155,"<>",'Scenario 3 Raw'!$Q$6:$Q$155,"Yes",'Scenario 3 Raw'!$F$6:$F$155,C34)) -> 0 | F34: =IF(C34="",0,COUNTIFS('Scenario 3 Raw'!$B$6:$B$155,F$4,'Scenario 3 Raw'!$C$6:$C$155,"<>",'Scenario 3 Raw'!$Q$6:$Q$155,"Yes",'Scenario 3 Raw'!$F$6:$F$155,C34)) -> 0 | G34: =IF(C34="",0,COUNTIFS('Scenario 3 Raw'!$B$6:$B$155,G$4,'Scenario 3 Raw'!$C$6:$C$155,"<>",'Scenario 3 Raw'!$Q$6:$Q$155,"Yes",'Scenario 3 Raw'!$F$6:$F$155,C34)) -> 0 | H34: =IF(C34="",0,COUNTIFS('Scenario 3 Raw'!$B$6:$B$155,H$4,'Scenario 3 Raw'!$C$6:$C$155,"<>",'Scenario 3 Raw'!$Q$6:$Q$155,"Yes",'Scenario 3 Raw'!$F$6:$F$155,C34)) -> 0 | I34: =IF(C34="",0,COUNTIFS('Scenario 3 Raw'!$B$6:$B$155,I$4,'Scenario 3 Raw'!$C$6:$C$155,"<>",'Scenario 3 Raw'!$Q$6:$Q$155,"Yes",'Scenario 3 Raw'!$F$6:$F$155,C34)) -> 0 | J34: =IF(C34="",0,COUNTIFS('Scenario 3 Raw'!$B$6:$B$155,J$4,'Scenario 3 Raw'!$C$6:$C$155,"<>",'Scenario 3 Raw'!$Q$6:$Q$155,"Yes",'Scenario 3 Raw'!$F$6:$F$155,C34)) -> 0 | K34: =IF(C34="",0,COUNTIFS('Scenario 3 Raw'!$B$6:$B$155,K$4,'Scenario 3 Raw'!$C$6:$C$155,"<>",'Scenario 3 Raw'!$Q$6:$Q$155,"Yes",'Scenario 3 Raw'!$F$6:$F$155,C34)) -> 0 | L34: =COUNTIF(E34:K34,">0") -> 0

Sheet Cross-Scenario Analysis
A1: Final Cross-Scenario Analysis
A2: Thesis-ready roll-up across seven approaches: two ChatGPT runs, two Llama runs, ThreMoLIA, OWASP Threat Dragon and Microsoft TMT.
A4: Overall comparison by approach
A5: Approach | B5: Approach family | C5: Total included findings | D5: Average included findings / scenario | E5: Cross-scenario analytical summary (manual)
A6: ChatGPT R1 | B6: LLM — ChatGPT | C6: =SUMIFS('All Approaches'!$F$5:$F$25,'All Approaches'!$B$5:$B$25,A6) -> 0 | D6: =C6/3 -> 0
A7: ChatGPT R2 | B7: LLM — ChatGPT | C7: =SUMIFS('All Approaches'!$F$5:$F$25,'All Approaches'!$B$5:$B$25,A7) -> 0 | D7: =C7/3 -> 0
A8: Llama R1 | B8: LLM — Llama | C8: =SUMIFS('All Approaches'!$F$5:$F$25,'All Approaches'!$B$5:$B$25,A8) -> 0 | D8: =C8/3 -> 0
A9: Llama R2 | B9: LLM — Llama | C9: =SUMIFS('All Approaches'!$F$5:$F$25,'All Approaches'!$B$5:$B$25,A9) -> 0 | D9: =C9/3 -> 0
A10: ThreMoLIA | B10: LLM-assisted threat-modeling tool | C10: =SUMIFS('All Approaches'!$F$5:$F$25,'All Approaches'!$B$5:$B$25,A10) -> 0 | D10: =C10/3 -> 0
A11: OWASP Threat Dragon | B11: Threat-modeling tool | C11: =SUMIFS('All Approaches'!$F$5:$F$25,'All Approaches'!$B$5:$B$25,A11) -> 0 | D11: =C11/3 -> 0
A12: Microsoft TMT | B12: Threat-modeling tool | C12: =SUMIFS('All Approaches'!$F$5:$F$25,'All Approaches'!$B$5:$B$25,A12) -> 0 | D12: =C12/3 -> 0
A15: Scenario-level comparison
A16: Scenario | B16: Approach | C16: Included findings | D16: STRIDE categories covered | E16: LLM themes covered | F16: Architecture components covered | G16: Mapped to another approach | H16: Evidence-based observation (manual) | I16: Thesis implication (manual)
A17: Scenario 1 | B17: ChatGPT R1 | C17: =SUMIFS('All Approaches'!$F$5:$F$25,'All Approaches'!$A$5:$A$25,$A17,'All Approaches'!$B$5:$B$25,$B17) -> 0 | D17: =COUNTIFS('STRIDE Summary'!$A$5:$A$130,$A17,'STRIDE Summary'!$B$5:$B$130,$B17,'STRIDE Summary'!$D$5:$D$130,">0") -> 0 | E17: =COUNTIFS('LLM Coverage'!$A$5:$A$151,$A17,'LLM Coverage'!$B$5:$B$151,$B17,'LLM Coverage'!$D$5:$D$151,">0") -> 0 | F17: =SUMPRODUCT(--('Architecture Coverage'!$A$5:$A$34=$A17),--(INDEX('Architecture Coverage'!$E$5:$K$34,0,MATCH($B17,'Architecture Coverage'!$E$4:$K$4,0))>0)) -> 0 | G17: =SUMIFS('All Approaches'!$I$5:$I$25,'All Approaches'!$A$5:$A$25,$A17,'All Approaches'!$B$5:$B$25,$B17) -> 0
A18: Scenario 1 | B18: ChatGPT R2 | C18: =SUMIFS('All Approaches'!$F$5:$F$25,'All Approaches'!$A$5:$A$25,$A18,'All Approaches'!$B$5:$B$25,$B18) -> 0 | D18: =COUNTIFS('STRIDE Summary'!$A$5:$A$130,$A18,'STRIDE Summary'!$B$5:$B$130,$B18,'STRIDE Summary'!$D$5:$D$130,">0") -> 0 | E18: =COUNTIFS('LLM Coverage'!$A$5:$A$151,$A18,'LLM Coverage'!$B$5:$B$151,$B18,'LLM Coverage'!$D$5:$D$151,">0") -> 0 | F18: =SUMPRODUCT(--('Architecture Coverage'!$A$5:$A$34=$A18),--(INDEX('Architecture Coverage'!$E$5:$K$34,0,MATCH($B18,'Architecture Coverage'!$E$4:$K$4,0))>0)) -> 0 | G18: =SUMIFS('All Approaches'!$I$5:$I$25,'All Approaches'!$A$5:$A$25,$A18,'All Approaches'!$B$5:$B$25,$B18) -> 0
A19: Scenario 1 | B19: Llama R1 | C19: =SUMIFS('All Approaches'!$F$5:$F$25,'All Approaches'!$A$5:$A$25,$A19,'All Approaches'!$B$5:$B$25,$B19) -> 0 | D19: =COUNTIFS('STRIDE Summary'!$A$5:$A$130,$A19,'STRIDE Summary'!$B$5:$B$130,$B19,'STRIDE Summary'!$D$5:$D$130,">0") -> 0 | E19: =COUNTIFS('LLM Coverage'!$A$5:$A$151,$A19,'LLM Coverage'!$B$5:$B$151,$B19,'LLM Coverage'!$D$5:$D$151,">0") -> 0 | F19: =SUMPRODUCT(--('Architecture Coverage'!$A$5:$A$34=$A19),--(INDEX('Architecture Coverage'!$E$5:$K$34,0,MATCH($B19,'Architecture Coverage'!$E$4:$K$4,0))>0)) -> 0 | G19: =SUMIFS('All Approaches'!$I$5:$I$25,'All Approaches'!$A$5:$A$25,$A19,'All Approaches'!$B$5:$B$25,$B19) -> 0
A20: Scenario 1 | B20: Llama R2 | C20: =SUMIFS('All Approaches'!$F$5:$F$25,'All Approaches'!$A$5:$A$25,$A20,'All Approaches'!$B$5:$B$25,$B20) -> 0 | D20: =COUNTIFS('STRIDE Summary'!$A$5:$A$130,$A20,'STRIDE Summary'!$B$5:$B$130,$B20,'STRIDE Summary'!$D$5:$D$130,">0") -> 0 | E20: =COUNTIFS('LLM Coverage'!$A$5:$A$151,$A20,'LLM Coverage'!$B$5:$B$151,$B20,'LLM Coverage'!$D$5:$D$151,">0") -> 0 | F20: =SUMPRODUCT(--('Architecture Coverage'!$A$5:$A$34=$A20),--(INDEX('Architecture Coverage'!$E$5:$K$34,0,MATCH($B20,'Architecture Coverage'!$E$4:$K$4,0))>0)) -> 0 | G20: =SUMIFS('All Approaches'!$I$5:$I$25,'All Approaches'!$A$5:$A$25,$A20,'All Approaches'!$B$5:$B$25,$B20) -> 0
A21: Scenario 1 | B21: ThreMoLIA | C21: =SUMIFS('All Approaches'!$F$5:$F$25,'All Approaches'!$A$5:$A$25,$A21,'All Approaches'!$B$5:$B$25,$B21) -> 0 | D21: =COUNTIFS('STRIDE Summary'!$A$5:$A$130,$A21,'STRIDE Summary'!$B$5:$B$130,$B21,'STRIDE Summary'!$D$5:$D$130,">0") -> 0 | E21: =COUNTIFS('LLM Coverage'!$A$5:$A$151,$A21,'LLM Coverage'!$B$5:$B$151,$B21,'LLM Coverage'!$D$5:$D$151,">0") -> 0 | F21: =SUMPRODUCT(--('Architecture Coverage'!$A$5:$A$34=$A21),--(INDEX('Architecture Coverage'!$E$5:$K$34,0,MATCH($B21,'Architecture Coverage'!$E$4:$K$4,0))>0)) -> 0 | G21: =SUMIFS('All Approaches'!$I$5:$I$25,'All Approaches'!$A$5:$A$25,$A21,'All Approaches'!$B$5:$B$25,$B21) -> 0
A22: Scenario 1 | B22: OWASP Threat Dragon | C22: =SUMIFS('All Approaches'!$F$5:$F$25,'All Approaches'!$A$5:$A$25,$A22,'All Approaches'!$B$5:$B$25,$B22) -> 0 | D22: =COUNTIFS('STRIDE Summary'!$A$5:$A$130,$A22,'STRIDE Summary'!$B$5:$B$130,$B22,'STRIDE Summary'!$D$5:$D$130,">0") -> 0 | E22: =COUNTIFS('LLM Coverage'!$A$5:$A$151,$A22,'LLM Coverage'!$B$5:$B$151,$B22,'LLM Coverage'!$D$5:$D$151,">0") -> 0 | F22: =SUMPRODUCT(--('Architecture Coverage'!$A$5:$A$34=$A22),--(INDEX('Architecture Coverage'!$E$5:$K$34,0,MATCH($B22,'Architecture Coverage'!$E$4:$K$4,0))>0)) -> 0 | G22: =SUMIFS('All Approaches'!$I$5:$I$25,'All Approaches'!$A$5:$A$25,$A22,'All Approaches'!$B$5:$B$25,$B22) -> 0
A23: Scenario 1 | B23: Microsoft TMT | C23: =SUMIFS('All Approaches'!$F$5:$F$25,'All Approaches'!$A$5:$A$25,$A23,'All Approaches'!$B$5:$B$25,$B23) -> 0 | D23: =COUNTIFS('STRIDE Summary'!$A$5:$A$130,$A23,'STRIDE Summary'!$B$5:$B$130,$B23,'STRIDE Summary'!$D$5:$D$130,">0") -> 0 | E23: =COUNTIFS('LLM Coverage'!$A$5:$A$151,$A23,'LLM Coverage'!$B$5:$B$151,$B23,'LLM Coverage'!$D$5:$D$151,">0") -> 0 | F23: =SUMPRODUCT(--('Architecture Coverage'!$A$5:$A$34=$A23),--(INDEX('Architecture Coverage'!$E$5:$K$34,0,MATCH($B23,'Architecture Coverage'!$E$4:$K$4,0))>0)) -> 0 | G23: =SUMIFS('All Approaches'!$I$5:$I$25,'All Approaches'!$A$5:$A$25,$A23,'All Approaches'!$B$5:$B$25,$B23) -> 0
A24: Scenario 2 | B24: ChatGPT R1 | C24: =SUMIFS('All Approaches'!$F$5:$F$25,'All Approaches'!$A$5:$A$25,$A24,'All Approaches'!$B$5:$B$25,$B24) -> 0 | D24: =COUNTIFS('STRIDE Summary'!$A$5:$A$130,$A24,'STRIDE Summary'!$B$5:$B$130,$B24,'STRIDE Summary'!$D$5:$D$130,">0") -> 0 | E24: =COUNTIFS('LLM Coverage'!$A$5:$A$151,$A24,'LLM Coverage'!$B$5:$B$151,$B24,'LLM Coverage'!$D$5:$D$151,">0") -> 0 | F24: =SUMPRODUCT(--('Architecture Coverage'!$A$5:$A$34=$A24),--(INDEX('Architecture Coverage'!$E$5:$K$34,0,MATCH($B24,'Architecture Coverage'!$E$4:$K$4,0))>0)) -> 0 | G24: =SUMIFS('All Approaches'!$I$5:$I$25,'All Approaches'!$A$5:$A$25,$A24,'All Approaches'!$B$5:$B$25,$B24) -> 0
A25: Scenario 2 | B25: ChatGPT R2 | C25: =SUMIFS('All Approaches'!$F$5:$F$25,'All Approaches'!$A$5:$A$25,$A25,'All Approaches'!$B$5:$B$25,$B25) -> 0 | D25: =COUNTIFS('STRIDE Summary'!$A$5:$A$130,$A25,'STRIDE Summary'!$B$5:$B$130,$B25,'STRIDE Summary'!$D$5:$D$130,">0") -> 0 | E25: =COUNTIFS('LLM Coverage'!$A$5:$A$151,$A25,'LLM Coverage'!$B$5:$B$151,$B25,'LLM Coverage'!$D$5:$D$151,">0") -> 0 | F25: =SUMPRODUCT(--('Architecture Coverage'!$A$5:$A$34=$A25),--(INDEX('Architecture Coverage'!$E$5:$K$34,0,MATCH($B25,'Architecture Coverage'!$E$4:$K$4,0))>0)) -> 0 | G25: =SUMIFS('All Approaches'!$I$5:$I$25,'All Approaches'!$A$5:$A$25,$A25,'All Approaches'!$B$5:$B$25,$B25) -> 0
A26: Scenario 2 | B26: Llama R1 | C26: =SUMIFS('All Approaches'!$F$5:$F$25,'All Approaches'!$A$5:$A$25,$A26,'All Approaches'!$B$5:$B$25,$B26) -> 0 | D26: =COUNTIFS('STRIDE Summary'!$A$5:$A$130,$A26,'STRIDE Summary'!$B$5:$B$130,$B26,'STRIDE Summary'!$D$5:$D$130,">0") -> 0 | E26: =COUNTIFS('LLM Coverage'!$A$5:$A$151,$A26,'LLM Coverage'!$B$5:$B$151,$B26,'LLM Coverage'!$D$5:$D$151,">0") -> 0 | F26: =SUMPRODUCT(--('Architecture Coverage'!$A$5:$A$34=$A26),--(INDEX('Architecture Coverage'!$E$5:$K$34,0,MATCH($B26,'Architecture Coverage'!$E$4:$K$4,0))>0)) -> 0 | G26: =SUMIFS('All Approaches'!$I$5:$I$25,'All Approaches'!$A$5:$A$25,$A26,'All Approaches'!$B$5:$B$25,$B26) -> 0
A27: Scenario 2 | B27: Llama R2 | C27: =SUMIFS('All Approaches'!$F$5:$F$25,'All Approaches'!$A$5:$A$25,$A27,'All Approaches'!$B$5:$B$25,$B27) -> 0 | D27: =COUNTIFS('STRIDE Summary'!$A$5:$A$130,$A27,'STRIDE Summary'!$B$5:$B$130,$B27,'STRIDE Summary'!$D$5:$D$130,">0") -> 0 | E27: =COUNTIFS('LLM Coverage'!$A$5:$A$151,$A27,'LLM Coverage'!$B$5:$B$151,$B27,'LLM Coverage'!$D$5:$D$151,">0") -> 0 | F27: =SUMPRODUCT(--('Architecture Coverage'!$A$5:$A$34=$A27),--(INDEX('Architecture Coverage'!$E$5:$K$34,0,MATCH($B27,'Architecture Coverage'!$E$4:$K$4,0))>0)) -> 0 | G27: =SUMIFS('All Approaches'!$I$5:$I$25,'All Approaches'!$A$5:$A$25,$A27,'All Approaches'!$B$5:$B$25,$B27) -> 0
A28: Scenario 2 | B28: ThreMoLIA | C28: =SUMIFS('All Approaches'!$F$5:$F$25,'All Approaches'!$A$5:$A$25,$A28,'All Approaches'!$B$5:$B$25,$B28) -> 0 | D28: =COUNTIFS('STRIDE Summary'!$A$5:$A$130,$A28,'STRIDE Summary'!$B$5:$B$130,$B28,'STRIDE Summary'!$D$5:$D$130,">0") -> 0 | E28: =COUNTIFS('LLM Coverage'!$A$5:$A$151,$A28,'LLM Coverage'!$B$5:$B$151,$B28,'LLM Coverage'!$D$5:$D$151,">0") -> 0 | F28: =SUMPRODUCT(--('Architecture Coverage'!$A$5:$A$34=$A28),--(INDEX('Architecture Coverage'!$E$5:$K$34,0,MATCH($B28,'Architecture Coverage'!$E$4:$K$4,0))>0)) -> 0 | G28: =SUMIFS('All Approaches'!$I$5:$I$25,'All Approaches'!$A$5:$A$25,$A28,'All Approaches'!$B$5:$B$25,$B28) -> 0
... A37: Scenario 3 | B37: Microsoft TMT | C37: =SUMIFS('All Approaches'!$F$5:$F$25,'All Approaches'!$A$5:$A$25,$A37,'All Approaches'!$B$5:$B$25,$B37) -> 0 | D37: =COUNTIFS('STRIDE Summary'!$A$5:$A$130,$A37,'STRIDE Summary'!$B$5:$B$130,$B37,'STRIDE Summary'!$D$5:$D$130,">0") -> 0 | E37: =COUNTIFS('LLM Coverage'!$A$5:$A$151,$A37,'LLM Coverage'!$B$5:$B$151,$B37,'LLM Coverage'!$D$5:$D$151,">0") -> 0 | F37: =SUMPRODUCT(--('Architecture Coverage'!$A$5:$A$34=$A37),--(INDEX('Architecture Coverage'!$E$5:$K$34,0,MATCH($B37,'Architecture Coverage'!$E$4:$K$4,0))>0)) -> 0 | G37: =SUMIFS('All Approaches'!$I$5:$I$25,'All Approaches'!$A$5:$A$25,$A37,'All Approaches'!$B$5:$B$25,$B37) -> 0
A40: Thesis reporting prompts
A41: Prompt | B41: Use this evidence
A42: Breadth | B42: Compare included count and STRIDE categories covered; distinguish higher volume from genuinely broader coverage.
A43: LLM-specific blind spots | B43: Compare LLM themes covered by each approach and cite retained raw findings / absent themes.
A44: Architectural focus | B44: Compare covered components and note whether results cluster at data flows, stores, processes, or trust boundaries.
A45: Agreement | B45: Use cross-approach mappings to identify shared findings versus approach-specific findings; do not treat mapping rate as accuracy by itself.
